Price,Close,High,Low,Open,Volume
Ticker,BMW.DE,BMW.DE,BMW.DE,BMW.DE,BMW.DE
Date,,,,,
1996-11-04,7.868180274963379,7.8850673784251235,7.868180274963379,7.8850673784251235,767000
1996-11-11,7.98379373550415,7.984660100854474,7.829643471274923,7.8764082045746004,3094000
1996-11-18,7.972967147827148,8.055238804120172,7.873808390633424,7.955646451388086,2210000
1996-11-25,8.526784896850586,8.540641786711792,8.012804787938668,8.012804787938668,5057000
1996-12-02,8.779226303100586,9.27285538129886,8.396014592430642,8.523751829320624,6513000
1996-12-09,8.642828941345215,9.191883102265475,8.54063997509558,8.855868873489086,2613000
1996-12-16,8.899169921875,9.009153698398016,8.57484707518864,8.57484707518864,2379000
1996-12-23,8.985340118408203,9.0429307017803,8.940740885747314,8.940740885747314,299000
1996-12-30,8.991833686828613,9.143385644674524,8.889643894740383,9.06024845267102,1183000
1997-01-06,9.04293155670166,9.247311208089746,8.838551905313574,9.06847901312517,4862000
1997-01-13,9.358160018920898,9.57942676327732,9.141223449662403,9.153780379318874,4108000
1997-01-20,8.81386947631836,9.460349834611481,8.685266662141258,9.392367819986113,2470000
1997-01-27,8.932512283325195,9.085796989832195,8.688296391210482,8.804775027902696,4446000
1997-02-03,9.213534355163574,9.213534355163574,8.779227681546203,8.915192517800664,3341000
1997-02-10,10.115922927856445,10.380057817387904,9.111345468905645,9.162440376839436,4875000
1997-02-17,9.707160949707031,10.286091879180816,9.626189261415842,10.047938105838332,3276000
1997-02-24,9.690275192260742,9.898984969462632,9.583755216499826,9.639180291540255,3224000
1997-03-03,10.405603408813477,10.431150858207529,9.62229282591018,9.626190230419619,5005000
1997-03-10,10.805703163146973,11.069838027701143,10.294754132125748,10.294754132125748,6357000
1997-03-17,10.064828872680664,10.759373133288612,9.834901767497682,10.759373133288612,4732000
1997-03-24,11.41018009185791,11.750957264490006,10.072619675285159,10.175675832667235,6721000
1997-03-31,10.550228118896484,11.410181079491226,10.26920616591863,11.410181079491226,6344000
1997-04-07,11.836695671081543,12.687555651448163,10.814364724729053,10.814364724729053,9334000
1997-04-14,11.827601432800293,12.227700315596682,11.554806214414164,11.554806214414164,7306000
1997-04-21,11.85314655303955,12.116847774767365,11.512369394888452,11.554803941344115,2782000
1997-04-28,12.547690391540527,12.576701646752275,11.760915259167188,12.029380246438397,1547000
1997-05-05,12.602249145507812,13.113198080046764,12.52560680532697,12.687551833096885,2561000
1997-05-12,11.934123039245605,12.619573336005596,11.835829796883631,12.602253461154124,4056000
1997-05-19,12.219038009643555,12.236358705260967,11.631446707752016,11.934119504265388,1794000
1997-05-26,11.835830688476562,12.661576080629551,11.767848667302397,12.219042549479152,1937000
1997-06-02,12.129841804504395,12.26190925131915,11.793394722783528,11.793394722783528,2347800
1997-06-09,12.1423978805542,12.229432492344513,11.607633281326816,12.13417112676282,3143400
1997-06-16,12.091303825378418,12.464556155748514,11.777373158105515,12.243722186202673,5218200
1997-06-23,12.148026466369629,12.380984565295414,11.784732842375059,12.00643314848404,4427800
1997-06-30,12.516949653625488,12.727824128887585,12.027217867075777,12.206483635430558,6086600
1997-07-07,12.726092338562012,12.857727011090518,12.432513421357713,12.51738336177646,4687800
1997-07-14,12.525609970092773,13.189843752821115,12.521712565005481,12.810962129891418,3439800
1997-07-21,12.747307777404785,12.853394981142813,12.280093293455078,12.517381555173339,2953600
1997-07-28,12.440738677978516,13.113199096936981,11.963563905073492,12.772854685287275,4950400
1997-08-04,12.202152252197266,12.772855690889822,12.053197722261569,12.517382009591941,4113200
1997-08-11,11.061176300048828,12.466285960231472,11.001421055350736,11.89644811334915,2867800
1997-08-18,11.461276054382324,11.853148159594655,10.64375764041621,10.89923214478062,3476200
1997-08-25,10.856799125671387,11.486825126883213,10.856799125671387,11.410182764751156,9378200
1997-09-01,11.133488655090332,11.682542006287362,10.775824372044399,10.78015454609802,13143000
1997-09-08,11.112274169921875,11.844490020507113,11.061179259517287,11.069839609798581,21767200
1997-09-15,11.418841361999512,12.006432714824491,11.16336686077126,11.31665156150821,17282200
1997-09-22,12.695781707763672,12.729989510312876,11.307992491246246,11.572127370892686,17188600
1997-09-29,12.840838432312012,12.972905033489873,12.51348451924967,12.525608677074475,7436000
1997-10-06,12.065753936767578,12.751204891301791,11.921129589759818,12.74730748682049,15906800
1997-10-13,11.6652250289917,12.45676254222229,11.580355083105868,12.0913041856032,11941800
1997-10-20,11.46993637084961,12.02331993023214,11.322713747530985,11.521031271579057,11681800
1997-10-27,10.797041893005371,12.346775956368388,8.531980073133752,11.324877981504283,27804400
1997-11-03,10.490473747253418,11.312322398967085,10.218112120102573,10.984535692333845,15906800
1997-11-10,10.078682899475098,10.601323307104446,9.520103613343956,10.516020605368086,15919800
1997-11-17,11.117466926574707,11.47426566498462,10.35017793516501,10.584435144798466,18137600
1997-11-24,11.32487964630127,11.48682471464212,10.771496027081424,11.029136058695759,3588000
1997-12-01,12.129841804504395,12.185266888229357,11.48119596033675,11.48682527042436,3260400
1997-12-08,11.209699630737305,12.338550462018349,10.993195856415074,12.300012486259131,1796600
1997-12-15,10.490473747253418,11.316652573634062,10.397377056654323,11.265557668818644,2262000
1997-12-22,10.558890342712402,10.558890342712402,10.269207989678872,10.303415794634255,1162200
1997-12-29,11.835830688476562,11.835830688476562,10.558891414146819,10.643760541694801,1656200
1998-01-05,11.20580005645752,11.989110566918264,11.154705162394798,11.708088649573302,2501200
1998-01-12,11.137819290161133,11.231348741081245,10.47358559415326,10.686625541390628,2693600
1998-01-19,11.180253028869629,11.712419262737473,11.129158132890009,11.154705580879819,4126200
1998-01-26,12.415194511413574,12.602253454370407,10.899234288790334,10.984537005545436,4841200
1998-02-02,12.534268379211426,12.900592190745463,12.424717368876708,12.559815828438186,4271800
1998-02-09,13.505074501037598,13.964928719136594,12.432082151369775,12.755538735921593,7048600
1998-02-16,13.641035079956055,13.879189695171254,13.42842791327706,13.505070258885679,3733600
1998-02-23,15.710383415222168,15.838119872691633,13.837191497069071,13.837191497069071,8179600
1998-03-02,15.948968887329102,16.732278810410794,15.378264531348808,15.744589248844811,8309600
1998-03-09,15.867995262145996,16.30663213898813,15.41766699599296,15.88098496058354,4165200
1998-03-16,18.222253799438477,18.372074677734982,15.667941784850289,15.906097219491093,7360600
1998-03-23,17.796607971191406,18.392860487563034,17.54113347463732,18.392860487563034,3398200
1998-03-30,18.852712631225586,19.031111164812362,17.217676022408508,18.035194326817045,6263400
1998-04-06,18.469507217407227,19.150629027614947,18.13782387392887,18.818511262570397,2886000
1998-04-13,17.966779708862305,18.72497558232609,17.216376992319667,18.469501098390356,2139800
1998-04-20,16.434364318847656,18.26512011529245,16.21266570448892,17.96677833571437,3242200
1998-04-27,17.217679977416992,17.28566116066968,16.051157494377346,16.263764697215404,3777800
1998-05-04,16.944881439208984,17.88191025885923,16.366816850676972,17.200355918110418,3996200
1998-05-11,17.089941024780273,17.82215759778969,16.69806972773784,17.073054748142,4581200
1998-05-18,15.242300033569336,17.35797577290296,14.305270988938188,16.821911182225747,3944200
1998-05-25,15.625076293945312,16.204440909772995,15.140108323768281,15.199430804553216,3707600
1998-06-01,16.864343643188477,16.94488340046083,15.625076305217469,15.625076305217469,3491800
1998-06-08,15.923416137695312,17.30254554067139,15.803907303489384,17.030184790238813,3519100
1998-06-15,15.003708839416504,15.982737721581891,14.871641434704477,15.88054793670666,6423300
1998-06-22,15.429359436035156,15.710382264757627,14.468949234437282,14.978165599738295,6143800
1998-06-29,15.744588851928711,15.795683760261698,15.297291606203077,15.564890307411671,2705300
1998-07-06,16.60453987121582,16.817579827888018,15.63373673405682,15.659285010931013,3732300
1998-07-13,16.732275009155273,16.9622028761113,16.34473475175767,16.60453859001833,2947100
1998-07-20,14.688483238220215,16.442596343891303,14.26283605501,16.408822136496706,13723609
1998-07-27,15.050479888916016,15.412475307624058,14.348142407574656,14.646051556621618,15041892
1998-08-03,13.709451675415039,14.560744343128047,13.453977155983882,14.518309788418279,9252441
1998-08-10,13.17728328704834,13.767472858863927,12.676293811110014,13.767472858863927,10378804
1998-08-17,12.47451114654541,13.880486169472224,12.440736949980066,12.863352131998687,7625191
1998-08-24,11.784733772277832,12.687554978984329,11.240010504036958,12.687554978984329,15423280
1998-08-31,10.226774215698242,11.425771953010237,10.090376581035313,11.27421994326977,17754824
1998-09-07,10.601324081420898,11.776506911597163,10.218112288972115,10.77149590175325,10638147
1998-09-14,9.673823356628418,11.129162037504198,8.940741916316183,10.899234924927061,14421504
1998-09-21,9.249040603637695,9.409252918549631,8.370467837719879,9.239081120450646,13063767
1998-09-28,9.019548416137695,10.455401633604431,8.310715340451855,9.060251071710226,15341917
1998-10-05,8.338858604431152,9.579425055381645,7.706668018981884,8.898304243356275,17340384
1998-10-12,9.315726280212402,9.349500492697727,8.378697944927614,8.438453210290213,12247803
1998-10-19,9.204874992370605,10.218112807508879,8.855870984517978,9.349499367212266,12869463
1998-10-26,9.750031471252441,10.345849645538628,9.11957272464488,9.11957272464488,10694236
1998-11-02,10.218111991882324,10.639861749114347,9.877768361113052,9.877768361113052,10798686
1998-11-09,9.145986557006836,10.473587872630606,8.68569958998306,10.34585059560971,11245924
1998-11-16,9.92020034790039,9.979955585830378,9.149880405684524,9.264627112576395,8124044
1998-11-23,11.776506423950195,11.793393526603765,9.979958046372417,10.217679096168844,14154381
1998-11-30,8.988802909851074,11.802052487593082,8.966286500329192,11.666521260825666,19520747
1998-12-07,9.111346244812012,9.332612999494255,8.685267071228939,9.15378080649695,12705213
1998-12-14,9.343870162963867,9.511443708863156,8.612087169339317,8.693925239823452,13597252
1998-12-21,10.686627388000488,10.814364659305301,8.95806084821722,8.95806084821722,7502182
1998-12-28,10.7204008102417,11.222689508655185,10.7204008102417,10.856798421503749,3987779
1999-01-04,12.202585220336914,12.823518031229172,10.342385057510155,10.342385057510155,9709333
1999-01-11,10.142334938049316,12.523876216271733,9.742668865455338,12.158417941405405,8890539
1999-01-18,10.475317001342773,10.908324493315659,9.809351432438284,10.529442937839384,7095318
1999-01-25,10.375726699829102,10.625571906799522,9.876036285888263,10.008969258025523,8534704
1999-02-01,11.141719818115234,11.549612764798718,10.194732003811888,10.32809777362686,11721992
1999-02-08,11.77433967590332,12.490534614889985,11.324877845402519,11.65786104842056,23566188
1999-02-15,11.791230201721191,12.732155024515286,11.474701260155664,12.057529773368175,10918540
1999-02-22,11.041691780090332,12.090869148317056,10.791846585953488,11.774340260798079,9567085
1999-03-01,10.257083892822266,11.058580886411184,9.922369533937994,11.058580886411184,7676991
1999-03-08,10.010700225830078,10.54200094676621,9.876035361659286,10.27570143183157,6563098
1999-03-15,10.991896629333496,11.158171037688922,9.92236829046717,10.09254010369345,20469328
1999-03-22,10.458863258361816,11.025237334167398,10.292155265472909,10.858529341278492,6777753
1999-03-29,10.08431339263916,10.941668207383326,9.77687840563454,10.492207116599365,8053288
1999-04-05,10.421192169189453,10.733390894701369,10.077384739131672,10.084312357592445,5183720
1999-04-12,11.124828338623047,11.373807979088811,10.55022753700281,10.575342216226746,10759524
1999-04-19,10.82519245147705,11.466477242125766,10.547201423429868,11.116606777628622,7875993
1999-04-26,10.974575996398926,11.408017139576815,10.74205148512998,11.224854801587602,5455030
1999-05-03,11.291537284851074,11.774340584703626,11.08152836720492,11.191512980870714,6732384
1999-05-10,11.158171653747559,11.640542224278109,11.075034444979721,11.640542224278109,3959381
1999-05-17,10.660212516784668,11.249969407047708,10.642026279195946,11.124829592359099,5752236
1999-05-24,10.300816535949707,10.808734543404452,10.080848949046697,10.660212773621863,5023924
1999-05-31,10.542001724243164,10.848137542341599,10.0444759944903,10.195595201151678,5490962
1999-06-07,10.838613510131836,11.100150145364458,10.592232075128218,10.858531655304745,6701366
1999-06-14,10.883644104003906,11.191512642040387,10.694852468675435,10.991895983901424,13476237
1999-06-21,10.960719108581543,11.824569464425785,10.82691977983552,10.82691977983552,14801511
1999-06-28,11.622787475585938,11.657861639809015,11.011814167040543,11.158170425112676,5415951
1999-07-05,12.141096115112305,12.190891874461654,11.458243488413336,11.572990202309828,7804520
1999-07-12,12.024187088012695,12.49053693177757,11.85791266637803,12.207349439540097,5873370
1999-07-19,11.574723243713379,12.457191701141477,11.283309066681998,12.107322241573447,8273898
1999-07-26,11.691201210021973,12.407395245283423,11.008348603223972,11.40801462698356,13081454
1999-08-02,11.77433967590332,12.39050949273372,11.450450416623356,12.274030865250962,9450449
1999-08-09,12.157553672790527,12.390511796975114,11.333107531559834,11.60806744384275,6811527
1999-08-16,12.15842056274414,12.448968456506725,11.992578077699617,12.240691411811262,5395335
1999-08-23,12.51391887664795,13.102809448785495,12.063591423640025,12.60052072286691,5541983
1999-08-30,12.301746368408203,13.150441729644198,12.249785916720247,13.011878598051178,4090265
1999-09-06,13.596437454223633,14.15501678682852,12.804033638740147,13.055177994852498,7397424
1999-09-13,12.817022323608398,13.704687379222179,12.431645082235354,13.423232665922415,8067012
1999-09-20,12.535568237304688,12.955585241181938,11.972657956653599,12.643820119057244,6279068
1999-09-27,11.500682830810547,12.29741696443473,11.392430919458311,12.12421407145046,3682752
1999-10-04,12.630829811096191,12.851663752740972,11.578621370393073,11.756154393419918,4539592
1999-10-11,11.803787231445312,12.66547225315036,11.453051307993693,12.66547225315036,5450208
1999-10-18,12.215144157409668,12.600521487998972,11.591613799998067,11.821107302389773,4415631
1999-10-25,13.423232078552246,13.527153776181876,12.332053014596772,12.384014276359707,5467968
1999-11-01,12.427318572998047,13.59643860899768,12.128543094798562,13.206731930331136,5778254
1999-11-08,12.080909729003906,12.765061582448677,11.409748398574475,12.206482307129944,5853444
1999-11-15,11.604602813720703,12.10689154045242,11.072003688532204,11.66955461143828,7928341
1999-11-22,11.518001556396484,11.903378030387206,11.136954431327917,11.903378030387206,4988456
1999-11-29,11.777803421020508,12.236791104332136,11.041690397495652,11.041690397495652,6755952
1999-12-06,11.994309425354004,12.444636846385922,11.634913193088549,12.08957078871359,6976883
1999-12-13,13.314982414245605,13.423234303792317,11.431399370953537,12.08091070823381,12209245
1999-12-20,12.353707313537598,13.07683004959059,12.080912058879411,12.946927272073584,4437049
1999-12-27,13.423232078552246,13.423232078552246,12.782381196888075,12.91661328642265,2704449
2000-01-03,11.951006889343262,13.85623968019016,11.691202230160448,13.423232190184217,6899362
2000-01-10,11.777803421020508,12.55288635671202,11.574289383159766,12.236791104332136,7379003
2000-01-17,11.149941444396973,12.076577090440674,11.020039544335269,12.076577090440674,8395125
2000-01-24,10.833847045898438,11.344795990202755,10.002472674431253,11.154272473061305,9322649
2000-01-31,11.024371147155762,11.552640854173033,10.136706054719655,10.65198523871482,10927373
2000-02-07,11.106642723083496,11.431398363091178,10.422490874503163,11.06767198021087,8825931
2000-02-14,11.34479808807373,12.340715118125301,10.522083086148292,11.19324528109292,12548118
2000-02-21,11.691201210021973,12.384013298758065,11.258193757798937,11.734502120423512,10182391
2000-02-28,11.258195877075195,11.8470863872398,11.106643075089147,11.479029818386921,5510706
2000-03-06,11.34479808807373,11.518000942096219,10.781887780130202,11.154274535700816,5371127
2000-03-13,12.985896110534668,14.328219658504564,11.292836684118843,11.56130172407136,50965802
2000-03-20,14.635656356811523,15.021032851447188,13.011877878205373,13.423235423144174,16029292
2000-03-27,14.354202270507812,15.328469348095414,13.76964103287953,14.717928712212231,9300328
2000-04-03,13.574788093566895,14.69627699034581,13.228381526491233,14.475443846529322,7035917
2000-04-10,13.379934310913086,14.33688151035218,13.16343051680156,13.899542921242892,5897461
2000-04-17,12.994558334350586,13.722011243408659,12.470618702463764,12.743413956308773,6611604
2000-04-24,12.817022323608398,13.574785457974986,11.864405481474751,12.994555334731155,7995299
2000-05-01,14.241617202758789,14.241617202758789,12.817022877996227,12.817022877996227,5647953
2000-05-08,14.2892484664917,15.237534360986254,13.856240937204072,14.15934653806394,5529672
2000-05-15,13.206730842590332,14.505753548418888,12.925276088173423,14.289249764114128,5510731
2000-05-22,14.15078067779541,14.448784236375344,13.046414843955812,13.195416623245778,6126174
2000-05-29,14.794992446899414,15.049172634585284,13.695009980812388,14.277870408037755,4301074
2000-06-05,14.282249450683594,15.06231654085854,13.769508337805076,14.922079798169872,4434759
2000-06-12,14.707344055175781,15.329644435801491,14.330457155696454,14.457547235149521,13379315
2000-06-19,13.870304107666016,14.751167133482507,13.782656556902516,14.440016949075096,5161757
2000-06-26,13.848393440246582,14.461929683903444,13.4758890236373,13.773892556924725,4740414
2000-07-03,15.859912872314453,16.324448104778426,13.673095122782616,13.892215231571587,5686930
2000-07-10,15.969472885131836,16.65312822460486,15.149964148485754,15.539997673634057,5945937
2000-07-17,16.214887619018555,16.60930447304752,15.44796725865957,15.781029079586695,5181955
2000-07-24,15.951945304870605,16.648747348980013,15.69338349801859,16.21050711172262,3826524
2000-07-31,15.886205673217773,16.9423643835188,15.42605384324079,16.04397239703926,7356843
2000-08-07,16.438392639160156,16.78460287152051,15.737208839731379,15.99138901187059,3772461
2000-08-14,15.908121109008789,16.705718248737192,15.873062757509016,16.705718248737192,3355886
2000-08-21,16.368268966674805,16.600537383433704,15.65393872440257,16.105325544848075,3191489
2000-08-28,15.951945304870605,16.79774909651768,15.754736863754012,16.539187289665666,4008875
2000-09-04,16.797748565673828,16.70133518156284,15.710911340478441,15.951944800755916,3071292
2000-09-11,15.776646614074707,16.784598702289866,16.03959005560783,16.434006889661152,3872275
2000-09-18,16.390182495117188,16.696949266764932,15.61011388102479,15.956324005316985,6327248
2000-09-25,17.003721237182617,17.244753038510794,15.97823899306019,16.311302516726002,6779668
2000-10-02,17.22283935546875,18.305293173734103,16.91607088414922,16.91607088414922,8000895
2000-10-09,17.091371536254883,17.516465158143546,16.245567631617842,17.047548175376367,5436915
2000-10-16,17.091371536254883,17.091371536254883,17.091371536254883,17.091371536254883,0
2000-10-23,16.683809280395508,17.170256315664222,16.04397879785927,16.12724385898247,4612698
2000-10-30,17.529611587524414,17.85391013746539,16.48659922997558,17.025634585681473,4611004
2000-11-06,17.047548294067383,17.76626211670498,16.666278030402697,17.485788592919974,4459092
2000-11-13,16.67504119873047,17.617258406094958,16.346361010824793,16.91607300217719,4574945
2000-11-20,15.320878028869629,16.867867176480857,14.597782652927364,16.867867176480857,6738284
2000-11-27,14.816902160644531,16.477831292593265,14.55834036884981,15.636410888500858,5645914
2000-12-04,15.52247142791748,15.776651617530808,13.9886311343124,14.685432478413096,7003298
2000-12-11,14.851960182189941,15.77664727613276,14.768695145619462,15.54876217042262,6587976
2000-12-18,14.431251525878906,16.32444926684369,14.356749814275252,14.882638447155221,5295008
2000-12-25,15.29458236694336,15.776645877842688,14.431248710333609,14.431248710333609,2014138
2001-01-01,15.386615753173828,15.864297702111932,14.198985053106572,15.294585700051403,3217153
2001-01-08,15.163110733032227,16.346359644974914,14.922078949725359,16.214887915148783,5354661
2001-01-15,16.214887619018555,16.25871097090901,15.250758831645088,15.338407207179715,4616535
2001-01-22,16.683809280395508,17.262286384024737,16.236803941817616,16.236803941817616,6243399
2001-01-29,16.6312198638916,17.091371848539936,16.127242845809942,16.916075058314814,3882177
2001-02-05,16.881011962890625,17.235987111125016,16.31130006227343,16.784598588165665,4690466
2001-02-12,16.88977813720703,17.47702008695786,16.604921331287297,16.872248127541937,3447594
2001-02-19,17.179018020629883,17.748730007507753,16.784601129539272,16.784601129539272,5733519
2001-02-26,16.990571975708008,17.196545395226703,16.355123380488273,17.196545395226703,5360051
2001-03-05,17.29734230041504,17.288577295261664,16.39456683066285,16.876630411821964,6413968
2001-03-12,15.338407516479492,17.393753521856397,14.786225581457881,17.095750042081637,26518189
2001-03-19,14.514517784118652,15.548765125126321,13.594213853495365,15.360321668667092,9987576
2001-03-26,15.1499662399292,16.00891678150235,14.28663235940446,14.593400887610295,9703354
2001-04-02,15.110523223876953,15.601351822938602,14.558341258901828,15.272671644041688,6684482
2001-04-09,16.127241134643555,16.171066163426865,15.062317175640844,15.075465520152793,4860353
2001-04-16,16.67066192626953,16.867870401689544,15.886211363906668,16.127243201973737,4894168
2001-04-23,16.302541732788086,16.867872198632345,15.912508079714765,16.65313368657566,5818707
2001-04-30,17.034399032592773,17.529611011766285,16.105330117060277,16.105330117060277,6726664
2001-05-07,17.726823806762695,18.130004156227113,16.793371323931364,17.034403199959385,5531709
2001-05-14,18.186969757080078,18.51564993341285,17.23160591079918,17.661081140596878,10419966
2001-05-21,17.750255584716797,18.215733966220895,17.643859704693362,17.7768532863938,6750442
2001-05-28,17.479829788208008,17.954174510353667,16.956720370889574,17.887676891280847,6454649
2001-06-04,17.936443328857422,18.40192163427112,17.572926809116833,17.732519757511213,6782498
2001-06-11,17.13405418395996,17.954182847463635,17.13405418395996,17.954182847463635,5359257
2001-06-18,17.142911911010742,17.26260661705012,16.690734165223923,16.841460644187794,5792552
2001-06-25,17.33353614807129,17.35126907242698,16.61093723717677,17.12074612911725,6638207
2001-07-02,17.750255584716797,18.13150509240182,17.06755305658804,17.09858483594797,6931463
2001-07-09,17.639429092407227,18.020678638440877,17.37344021114627,17.648295557559788,6430946
2001-07-16,17.222707748413086,17.940875958241826,16.828159486219676,17.77684894612399,8678210
2001-07-23,17.714786529541016,17.86108062677394,17.07641643796376,17.355704092887176,6409101
2001-07-30,17.732519149780273,18.539348635806892,17.58622505506428,17.683754451541606,7943494
2001-08-06,17.009923934936523,18.353163838017988,16.93456151629347,17.643861831603054,11326349
2001-08-13,15.60461711883545,17.364568486470535,14.939647653752445,17.027651368247927,10546699
2001-08-20,16.238554000854492,16.31391639140784,15.081506918747,15.471622792312662,11230201
2001-08-27,15.582452774047852,16.336083528302762,15.258832792810036,16.24298820328608,7328982
2001-09-03,15.959266662597656,17.001051448853104,15.139138357767175,15.498220775368583,16414315
2001-09-10,12.279769897460938,16.176491401727514,12.191106963144378,16.02576492072081,17458875
2001-09-17,11.113856315612793,12.962471483071024,9.597725884420052,12.191106996401373,24632445
2001-09-24,12.426061630249023,12.634418401239047,11.113854928538402,11.113854928538402,9952066
2001-10-01,13.835799217224121,14.181583683943101,11.863056747216708,12.474828354662979,11068619
2001-10-08,14.60716438293457,15.161305659289411,13.476715671839207,13.63187539832906,8893124
2001-10-15,14.7002592086792,15.382961643661929,14.230346813605713,14.6913927456282,6979168
2001-10-22,15.316462516784668,15.737610169397957,14.527365984655697,14.757888928097758,9090999
2001-10-29,15.161307334899902,15.285434453368184,14.274681194743243,15.272135602419484,8822067
2001-11-05,16.50897789001465,16.673003236698417,15.125840026465864,15.214502970196682,11747901
2001-11-12,16.779399871826172,17.68819306418064,15.870608370576944,16.69073860622546,10916939
2001-11-19,17.17837905883789,17.70592092952443,16.615371335783387,17.373436173546924,8959235
2001-11-26,15.733176231384277,17.555190907018613,16.092258613284493,17.355701446453864,9567572
2001-12-03,16.91239356994629,17.57736314636192,16.09226341103729,16.40258288491894,10142601
2001-12-10,16.389286041259766,17.10745279821206,16.274023686882742,16.978891591832028,6097192
2001-12-17,17.497560501098633,17.599522263982852,16.274015964279037,16.49124002684419,10168809
2001-12-24,17.355703353881836,17.666021078244714,17.20054280059563,17.49756336819194,1755549
2001-12-31,18.353158950805664,18.353158950805664,17.089715881023487,17.35570469676416,5693477
2002-01-07,17.444364547729492,18.26006047337814,17.37786861744633,18.242329239965485,9251822
2002-01-14,16.850326538085938,17.49756480917074,16.300619360140374,17.377870095157213,8236969
2002-01-21,17.0631160736084,17.169510233866607,16.340515496510584,16.832593138242693,6555636
2002-01-28,18.800901412963867,19.191017267348784,17.244873762875553,17.333534996554487,19313898
2002-02-04,18.1270694732666,18.823070793048736,17.51086463394019,18.685644836456657,11977781
2002-02-11,18.21573257446289,18.685644997746646,17.754686614762413,18.31769436901309,7767275
2002-02-18,17.989646911621094,18.672347819427664,17.85221923798912,18.180269994122412,7145606
2002-02-25,19.638761520385742,19.696392672035394,17.64828750701729,17.90097572972906,8876560
2002-03-04,19.727428436279297,20.002282021882134,19.195452499776632,19.74516136208719,10865725
2002-03-11,20.392398834228516,20.392398834228516,19.222052736927846,19.652066905672775,13137085
2002-03-18,20.946542739868164,21.221396372151695,20.1796113250236,20.432299641835186,10617233
2002-03-25,20.348068237304688,20.96427306279759,19.691963481374657,20.946540136182193,8259202
2002-04-01,19.84268569946289,20.481057391213763,19.536800391235328,20.3480638524672,5790711
2002-04-08,19.660934448242188,20.126414535758105,19.439277907941353,19.77176271839261,7058408
2002-04-15,20.392398834228516,20.392398834228516,19.50577279795771,19.727429307025414,6299347
2002-04-22,19.39937973022461,20.370236462411757,19.11565962823382,20.370236462411757,8436889
2002-04-29,19.65206527709961,20.325899520652193,18.995960576458465,19.39494293615851,7287951
2002-05-06,20.85344123840332,21.083964171627546,19.421540635870354,19.634330645514716,10641364
2002-05-13,21.07953453063965,21.256860421541056,20.410132590141643,20.83128031270371,10771414
2002-05-20,20.82103157043457,21.587531986762365,20.431057944396017,21.327550139377717,9128341
2002-05-27,20.561050415039062,21.103429555904544,19.97384905308086,20.62380460243093,5563247
2002-06-03,19.77213478088379,20.395196555927733,19.50318610803858,20.31451212506648,8523136
2002-06-10,17.642967224121094,20.350374148253213,17.777440715600882,19.942470255141366,12265989
2002-06-17,16.074108123779297,19.14011203197853,16.867504059445267,18.153970104092515,21274797
2002-06-24,18.387056350708008,18.938398882206297,16.652344316489167,17.21265197572604,19546340
2002-07-01,18.90253448486328,19.17596483994092,17.391945824918423,18.557386542468773,10785464
2002-07-08,18.47670555114746,19.534566664360945,17.911914484298723,18.781513048511457,12323833
2002-07-15,17.795368194580078,18.705307111907725,16.733025554702298,18.36912258068741,14209752
2002-07-22,16.517866134643555,17.208165456847688,14.949004971410323,17.042314898370037,13746912
2002-07-29,17.172311782836914,18.041908757045015,16.683723377913786,16.786819794191796,13398795
2002-08-05,17.239543914794922,18.113624117260407,16.136858962723682,17.060246507829632,17330371
2002-08-12,17.539873123168945,18.301891954687587,16.683723006265968,16.809231386778414,10567502
2002-08-19,17.772958755493164,18.243616823977632,17.490563230433207,17.535387156984797,7463467
2002-08-26,17.21712875366211,17.772954544803277,16.62992587938391,17.772954544803277,3929708
2002-09-02,16.271331787109375,17.1454119542106,15.262778142744047,17.1454119542106,9374607
2002-09-09,15.724471092224121,17.100586227191574,15.594479336953134,16.27581348777161,8177797
2002-09-16,15.289670944213867,16.482005205452424,14.388695549601758,15.612408603170175,13142908
2002-09-23,15.352426528930664,15.854461603799034,13.828390197780932,15.352426528930664,18654469
2002-09-30,15.061064720153809,16.047206249313078,14.128713941439374,14.657644351354177,11471813
2002-10-07,14.836945533752441,14.904183134116233,12.730189333034778,14.343875497495322,17617732
2002-10-14,16.56717300415039,17.12299883860575,14.186986803302469,14.79211912011776,16033409
2002-10-21,16.302711486816406,16.988529237613754,15.693096468295789,16.405807892901024,11424866
2002-10-28,15.948596954345703,16.912325037082155,15.016244251686809,16.45063210428033,9748890
2002-11-04,14.393182754516602,16.73302797781936,14.290085500242093,16.58062423319958,21125220
2002-11-11,14.787637710571289,15.343461846320722,14.254223825063757,14.402145840013127,9977059
2002-11-18,14.904180526733398,15.240365049892798,14.155609620966676,15.114856708421954,13019881
2002-11-25,15.240367889404297,15.769298441183363,14.285604041927666,14.993832868472108,11847590
2002-12-02,14.926592826843262,15.746883902830149,14.370768693428744,15.442076458084273,12321994
2002-12-09,13.752190589904785,15.016244464772365,13.545996937748779,14.65764792401617,9917987
2002-12-16,13.335320472717285,14.204918080747571,12.824320230711772,13.761154577696228,12269155
2002-12-23,12.537446022033691,13.501176044905975,12.416420196686616,13.501176044905975,1856652
2002-12-30,13.577372550964355,13.810459834937568,12.057817939990839,12.438827233449139,4647483
2003-01-06,13.088784217834473,13.725293604899603,12.246081215542443,13.711845916419119,12757945
2003-01-13,12.420897483825684,13.613232748867011,12.510547034718304,13.303942738745102,12853124
2003-01-20,11.739567756652832,13.057410917359675,11.699225531839181,12.676402346282334,12431672
2003-01-27,12.0443696975708,12.371589053400289,11.358553049564271,11.72163204911533,16170793
2003-02-03,11.60509204864502,12.640541225992514,11.564749828490616,12.349180557108124,11420334
2003-02-10,11.497511863708496,11.82921386269902,10.92375742435691,11.430275122217177,13221294
2003-02-17,11.493030548095703,11.788872926746786,10.878933826183653,11.74404899752701,11417299
2003-02-24,11.609572410583496,11.847143122548594,10.623431623194874,11.475098938881883,11601920
2003-03-03,10.367931365966797,11.963688012756295,9.982440321821885,11.788871461670452,15979460
2003-03-10,10.533782005310059,10.802729801969845,9.30558795069056,10.493439793063017,20089239
2003-03-17,12.255049705505371,12.685365595475783,10.112432818883093,10.399310933825042,22857164
2003-03-24,11.8202486038208,12.376073598012333,10.892378570855653,12.376073598012333,12735347
2003-03-31,12.689847946166992,12.88707648656808,11.246495687457564,11.430276535912558,12987266
2003-04-07,12.913970947265625,13.69840168578163,12.653988222413073,13.286015206191893,15799094
2003-04-14,13.604270935058594,13.752192131573203,12.819840166125614,12.999138456603673,9299963
2003-04-21,13.173952102661133,13.985278128271233,12.922934535629839,13.60426878681919,8068676
2003-04-28,13.173952102661133,13.927005658716569,12.878109756348149,12.963276751487205,7359998
2003-05-05,13.32187271118164,13.371180051797808,12.488135613710249,13.22774144814516,17813951
2003-05-12,12.788457870483398,13.483238784095807,12.671913815336291,13.483238784095807,12018322
2003-05-19,12.230046272277832,12.996706050436627,11.823899480204519,12.960198483400925,14745446
2003-05-26,13.402853965759277,13.402853965759277,11.864970825749452,12.389767438191171,11059873
2003-06-02,14.178640365600586,14.26078261271528,13.024087962336978,13.599081951321654,14235542
2003-06-09,14.374869346618652,14.92704644975588,13.72229577352257,14.091935027292493,12248126
2003-06-16,14.762761116027832,15.324067038340285,14.032609759812027,14.196894250165121,14522850
2003-06-23,15.543116569519043,15.561369052654062,14.406816370275454,14.703441416656798,11325283
2003-06-30,15.867112159729004,15.894493480039966,14.671489025898893,15.369696156061048,10359733
2003-07-07,15.702832221984863,16.2687008182734,15.19628896630501,15.949258952988812,11515030
2003-07-14,15.465533256530762,15.953822314152767,15.282996283493654,15.789537819846636,7282463
2003-07-21,15.620687484741211,15.643504384158184,14.72168737300613,15.515728354768855,8303616
2003-07-28,15.675450325012207,15.889933035786635,14.972680335869075,15.743902772524317,9876481
2003-08-04,15.209983825683594,15.721089877375373,15.03657219105266,15.538551131361919,9099944
2003-08-11,15.876243591308594,15.990329845789136,15.091329603420673,15.223670076414445,8431260
2003-08-18,17.017108917236328,17.29547970219415,15.926444424684904,15.926444424684904,10378581
2003-08-25,16.291521072387695,17.01710988015814,16.136363662524253,17.01710988015814,10118104
2003-09-01,17.27265739440918,17.655987260507384,16.469490967774757,16.57901453272482,12541421
2003-09-08,16.00858497619629,17.181391599797173,15.926442729025798,17.181391599797173,12878384
2003-09-15,17.112939834594727,16.67941167728801,16.01771098885336,16.18199548979639,12931248
2003-09-22,15.228232383728027,16.38278643425168,14.593913103046798,16.346277998128823,15465622
2003-09-29,15.524857521057129,15.949258521589707,14.265345183170105,15.063948083962662,16383403
2003-10-06,15.917315483093262,16.18655912633384,15.273869046307224,15.584183812781728,12379839
2003-10-13,15.972075462341309,16.410166257226333,15.766719858233305,16.004019474000547,9355738
2003-10-20,15.196290016174316,16.022275194203768,15.041132627506304,15.967514274914539,13072649
2003-10-27,15.520293235778809,15.789536864983008,15.13240066831663,15.47465943048376,11462373
2003-11-03,17.112939834594727,17.245280320445307,15.689143727785558,15.693706412448082,19654580
2003-11-10,17.17682647705078,17.436943002256147,16.725045876775404,16.930399745545238,10764467
2003-11-17,16.451236724853516,16.889327502344198,16.031400164962783,16.84825638315332,10185283
2003-11-24,16.761550903320312,17.30916522737996,16.35084146588904,16.401037951392436,9774514
2003-12-01,16.59270477294922,17.112937803649267,16.474054095985807,16.930399104083122,12868230
2003-12-08,16.907581329345703,17.27722139352418,16.218501168637886,16.54250568987077,12967202
2003-12-15,16.930397033691406,17.295474388178963,16.469489397836735,17.295474388178963,11395422
2003-12-22,16.85738754272461,17.026236484870914,16.674850545316158,16.7067945633831,1764561
2003-12-29,17.021669387817383,17.080994729554174,16.72504616076973,17.03536092256781,3521319
2004-01-05,15.976637840270996,17.18595279842375,15.689141740848633,17.0262327431891,19622103
2004-01-12,16.752426147460938,16.893893737795633,15.584183948943375,15.967513855536497,17116655
2004-01-19,16.127229690551758,16.90757909312255,15.96750966341191,16.86194529703052,12063848
2004-01-26,16.058780670166016,16.451237666949257,15.949258839930476,15.9948926457256,10528664
2004-02-02,15.470101356506348,16.2458867226215,15.219110130131748,16.095293727615342,15517844
2004-02-09,15.374265670776367,15.757595621378995,15.305814950808493,15.538550184008692,10715951
2004-02-16,15.342318534851074,15.684577287578918,15.127837566897892,15.40164387275295,10975885
2004-02-23,15.689142227172852,16.07703479666243,14.936172250142379,15.47922219559141,15210415
2004-03-01,16.236757278442383,16.401040029742134,15.593309104041145,15.816918938494572,14977260
2004-03-08,15.593310356140137,16.487748024956506,14.8312149175101,16.31433640926111,15485474
2004-03-15,15.511171340942383,15.967516459359043,15.173475187353926,15.456408673343082,17102922
2004-03-22,14.990933418273926,15.37882773513652,14.717127098809373,15.37882773513652,13567112
2004-03-29,15.839735984802246,15.903624012130278,14.990933928431135,15.036569477107003,14509724
2004-04-05,15.775850296020508,16.10898201705457,15.442718574986445,15.90362636961756,9046811
2004-04-12,16.022274017333984,16.273263431527006,15.67545082540121,15.775847287405663,10787248
2004-04-19,17.085556030273438,17.135754258384086,15.972074866289457,15.972074866289457,16280673
2004-04-26,16.414730072021484,17.15400847851056,16.2230642683729,17.15400847851056,12647201
2004-05-03,16.099855422973633,16.825444240005936,15.949262437229532,16.428424469424034,10126069
2004-05-10,15.698271751403809,16.13179819311896,15.470099206998627,15.75303267463191,12843493
2004-05-17,15.936338424682617,16.44682030797717,15.509388427665726,15.773912853717793,11170322
2004-05-24,16.103410720825195,16.33544833417914,15.713587459578305,16.005955348090097,9898941
2004-05-31,16.0616397857666,16.270473938618128,15.783193658529214,16.131249989846413,8924895
2004-06-07,16.502513885498047,16.637094341020667,16.20086431316512,16.233349433840196,8637334
2004-06-14,16.372575759887695,16.521079711926518,16.094131292391587,16.42826606963232,10034509
2004-06-21,16.42826271057129,16.6881436883484,16.02915775720628,16.47466952222966,8969510
2004-06-28,16.56748390197754,17.017635612496406,16.418979989391026,16.53035703867777,11376286
2004-07-05,16.64637565612793,16.753112731533864,16.321522686893285,16.558202012176835,10685418
2004-07-12,16.470029830932617,16.725270840032753,16.381854408844383,16.49787321028139,10351214
2004-07-19,16.53035545349121,16.70670449664147,16.25191108666963,16.43290010213427,7775730
2004-07-26,17.133655548095703,17.347131485701038,16.335447407259156,16.54428160148916,11764364
2004-08-02,15.727508544921875,17.27751981331722,15.611489742707573,17.124375914953685,15944889
2004-08-09,15.393375396728516,15.871374114370896,15.244871456385237,15.732151891587398,9787035
2004-08-16,15.430500984191895,15.811042520974517,15.244870189041437,15.286637029434967,9466929
2004-08-23,16.033794403076172,16.14981317845343,15.425857153095182,15.532594214005538,9258137
2004-08-30,16.04772186279297,16.173020613585006,15.667178555953198,16.057001809268595,7108201
2004-09-06,16.03843879699707,16.251912954110125,15.829604612731552,16.112690754701887,8176870
2004-09-13,16.349367141723633,16.45610421260954,16.03843764440028,16.080204478251826,11049836
2004-09-20,15.681097984313965,16.349365488039446,15.514030665806093,16.29831694401693,9554056
2004-09-27,15.78783893585205,15.871372615695694,15.32376372352356,15.708945229196857,12832855
2004-10-04,15.917778015136719,16.335446377261512,15.885292894783266,16.010593403420703,10839399
2004-10-11,15.708944320678711,15.954905372796171,15.45370332272105,15.91777850821001,12856616
2004-10-18,15.476905822753906,15.959544412308407,15.407295611185582,15.592924612340687,10044312
2004-10-25,15.384090423583984,15.820320384540295,14.873606746407674,15.268071647449283,14347926
2004-11-01,15.012834548950195,15.778559466475354,14.966427729230299,15.37945444378014,19433196
2004-11-08,15.263436317443848,15.532600840903532,14.961788434950188,15.054602078605605,14725871
2004-11-15,15.012834548950195,15.481551571531948,14.906097447349078,15.281999060184342,15692053
2004-11-22,14.776156425476074,15.13349458995719,14.627652483134135,15.026757492043085,14003062
2004-11-29,14.896814346313477,15.119572017146753,14.674059330939995,14.827204123196292,12780035
2004-12-06,15.128849029541016,15.360886602204566,14.748308437150381,14.864326338329063,14492819
2004-12-13,15.054597854614258,15.42585940629515,14.920017400951526,15.175258390002432,14470329
2004-12-20,15.435140609741211,15.546519438383863,15.040677391815235,15.068522541552504,7964982
2004-12-27,15.407295227050781,15.565080847767138,15.314479843634183,15.411935199583825,4084464
2005-01-03,16.0570011138916,16.20086506232399,15.500112293535063,15.504752266571934,13490615
2005-01-10,15.699664115905762,16.09876728178658,15.388732826197016,16.03843878328857,13134203
2005-01-17,15.091727256774902,15.685743006905112,15.012833544163284,15.639336190291155,15828287
2005-01-24,14.868968963623047,15.328402393392661,14.720464164776057,15.040676281899124,16316890
2005-01-31,15.254149436950684,15.309839728666244,14.901453107616351,14.92465651067808,12854727
2005-02-07,15.407295227050781,15.57900253567246,15.105645673523389,15.360886650189386,14440055
2005-02-14,15.13813304901123,15.476907744227086,15.012832528264578,15.476907744227086,11557735
2005-02-21,15.008193016052246,15.286637446060254,14.80864052543412,15.138133514015115,10428504
2005-02-28,15.360889434814453,15.458346578737336,14.87361079642609,14.943222789184363,13131102
2005-03-07,16.12196922302246,16.19622116576964,15.096361940300524,15.337681196805335,27832412
2005-03-14,15.992030143737793,16.302961432288065,15.690382341452704,16.05700038514362,18485457
2005-03-21,16.46538734436035,16.474669060493163,15.931701944021135,16.02451556473659,12473874
2005-03-28,16.28903579711914,16.50715166724852,16.177658761104272,16.46538483616643,8114821
2005-04-04,16.140535354614258,16.45146666813351,16.07092513479218,16.14981707131849,10536530
2005-04-11,15.773917198181152,16.289039195247412,15.718226898249851,16.010594776816653,12095478
2005-04-18,15.421217918395996,15.625410358954108,15.25415057143649,15.546518428615624,13823741
2005-04-25,15.175260543823242,15.46298669393718,14.90145608426604,15.33768616800695,13057282
2005-05-02,15.671822547912598,15.727511086288224,15.235592418407878,15.305202648800732,9897763
2005-05-09,15.695019721984863,15.91313558522721,15.411933628067606,15.671816321073255,13535322
2005-05-16,16.35417366027832,16.453434470499325,15.872057967525167,15.876783814168993,12019151
2005-05-23,16.51487922668457,16.54323971530173,16.254914391772406,16.47233939529385,8981476
2005-05-30,17.09625816345215,17.450756208011022,16.472341749274158,16.48652289714431,14930306
2005-06-06,17.507478713989258,17.568923748839083,17.0206334644216,17.11044079747519,11014038
2005-06-13,17.31368637084961,17.743810626819908,17.22387903849146,17.559471917556984,11797613
2005-06-20,17.3940372467041,17.79107513377657,17.129346524036002,17.431851237411156,8113146
2005-06-27,18.003772735595703,18.06521956353887,17.22860402518707,17.34677003111693,9163197
2005-07-04,18.1881160736084,18.585154027321156,17.498026855010465,18.008503193743657,13972552
2005-07-11,18.471710205078125,18.552062220559772,18.126663894274316,18.277916231826904,9464379
2005-07-18,18.40081787109375,18.892389083073557,18.20702561678433,18.43863007036173,10976293
2005-07-25,18.32046127319336,18.717499222919315,18.069949855973977,18.47644130486848,12015097
2005-08-01,17.365680694580078,18.868750948817468,17.280601008085625,18.273194946426845,25063754
2005-08-08,17.365680694580078,17.84307066606958,17.26169401040452,17.43657923127843,14870627
2005-08-15,17.583101272583008,17.63036695165597,17.05371809407152,17.31368293511296,13192333
2005-08-22,16.959186553955078,17.77689514095719,16.883560378367317,17.583102953321664,11547219
2005-08-29,17.162431716918945,17.375129089679426,16.82683888257712,16.874106367800714,13702645
2005-09-05,17.687089920043945,17.786350752295156,17.22387931413,17.242786311041705,10083599
2005-09-12,17.469661712646484,17.843066720460506,17.176610525673397,17.79580103978006,14378573
2005-09-19,17.729629516601562,18.14084857993248,17.134073546675026,17.223879076159136,22417088
2005-09-26,18.462257385253906,18.769487918324682,17.77689419137271,17.91396719076298,18563077
2005-10-03,18.311006546020508,18.949102308171422,18.14084719529485,18.608783606720106,13528443
2005-10-10,18.084129333496094,18.547341780739536,17.828892066388637,18.386635899857485,11775940
2005-10-17,17.403488159179688,18.19756381536865,17.2758686641061,18.084123663168775,13922339
2005-10-24,17.261693954467773,17.635099043642228,16.99227554913191,17.441306825715195,11406386
2005-10-31,16.61886978149414,17.554744488622884,16.529064251071997,17.252239751337285,23854742
2005-11-07,17.417673110961914,17.49802695361895,16.73231153966874,16.774851385058785,15953852
2005-11-14,17.79580307006836,17.9565089270147,17.37985818095954,17.488570701383484,13273650
2005-11-21,17.602008819580078,17.99431901683243,17.427121834750224,17.795800994792234,7909570
2005-11-28,17.861976623535156,17.93287515610464,17.48857155489641,17.60673757891598,9661463
2005-12-05,17.7816219329834,18.169206328850247,17.5263847037306,17.86197576304232,9629472
2005-12-12,17.488567352294922,17.913965657767935,17.308954534087427,17.84779118563991,11486546
2005-12-19,17.431852340698242,17.625644547661484,17.30423281859019,17.493297374880672,8342633
2005-12-26,17.512205123901367,17.7438113339167,17.370406249823038,17.431853089716167,3753465
2006-01-02,17.85724639892578,17.85724639892578,17.51220187489153,17.578374550313143,8640794
2006-01-09,17.559473037719727,17.932876327682965,17.408220661338795,17.871431289389218,12724609
2006-01-16,16.963912963867188,17.531110201127394,16.93555427399988,17.408218337871666,13066898
2006-01-23,17.450756072998047,17.654001761218286,16.78902747678332,16.82683966364717,18307270
2006-01-30,18.07940101623535,18.169206542112626,17.242785380292094,17.346772054622896,15154647
2006-02-06,18.712772369384766,18.797852054259533,18.107762879671313,18.150302722108695,14571964
2006-02-13,18.71749496459961,19.3366854962411,18.55206327446305,18.71749496459961,17637288
2006-02-20,18.79311752319336,18.859291989590847,18.36299340849384,18.679679186937356,10888919
2006-02-27,18.566242218017578,19.435944091128164,18.33463785682164,18.882928050538958,13563562
2006-03-06,19.171255111694336,19.28469347749324,18.254285672289917,18.61351137115051,16891126
2006-03-13,19.993690490722656,20.830306139877536,19.071995161784542,19.185435335852322,32603726
2006-03-20,21.747268676757812,21.964695475394617,19.998413413293296,20.13548459558632,18911200
2006-03-27,21.482580184936523,21.837078201839535,20.816123985281667,21.76617787723087,11785461
2006-04-03,20.825578689575195,21.964698977813995,20.697959179722268,21.515667769754494,12743495
2006-04-10,21.024097442626953,21.369141994492928,20.773586064589953,20.797218907279614,9873765
2006-04-17,21.274608612060547,21.747272673500483,20.7310460232468,21.02409723647988,8057280
2006-04-24,20.376550674438477,21.392777459211473,20.35764367674126,21.061914014862918,9074777
2006-05-01,20.234750747680664,20.882300059103308,19.861345676357573,20.37654961690943,10135442
2006-05-08,19.41231346130371,20.726319015887476,19.27996809697739,20.32928111983816,15803379
2006-05-15,18.87347984313965,19.615562421840743,18.292103149174054,19.331964650223117,17419881
2006-05-22,19.859458923339844,20.02751453788207,18.486198193073115,19.10560631238959,16442401
2006-05-29,18.942350387573242,19.840250876980217,18.87992894941421,19.720210636034466,10446252
2006-06-05,18.40937614440918,18.990370619938524,17.8667936033626,18.985569815004126,14359797
2006-06-12,17.5546875,18.591835226943697,17.434647245346014,18.34215127746313,9211694
2006-06-19,18.308542251586914,18.548622788417752,18.02524714485976,18.35175682148323,10777125
2006-06-26,18.75509262084961,18.81271143812494,17.847586632499983,18.351757236583946,9029059
2006-07-03,18.6158504486084,19.014383302947255,18.35176214778101,18.72628730780277,10468579
2006-07-10,18.36616325378418,18.923150092266155,18.337352926534138,18.563029244152737,10947272
2006-07-17,18.09246826171875,18.534215542442524,17.948420315033562,18.414175281593366,10787961
2006-07-24,19.345693588256836,19.37930472294457,18.178901822184073,18.308545555266544,12112193
2006-07-31,18.96636390686035,19.825852736164272,18.678267972588415,19.369699313842634,18918968
2006-08-07,18.721479415893555,18.99036842114727,18.428580893740214,18.750287905502756,10982521
2006-08-14,19.27846908569336,19.40811097208885,18.62064705347568,18.903942178505467,9945050
2006-08-21,19.403308868408203,19.52814994133633,18.98076661169838,19.288069405062203,9150869
2006-08-28,19.436920166015625,19.638588770707955,19.12961736997888,19.364897103508408,6894462
2006-09-04,18.735883712768555,19.753824589063022,18.62544689506543,19.42251413595365,9667128
2006-09-11,19.16322898864746,19.436920662842844,18.5150122511677,18.71667902934569,16455212
2006-09-18,19.43212127685547,19.84506013661444,18.961563595076672,19.20644496241293,11064195
2006-09-25,20.282007217407227,20.406848306997865,19.532955184855272,19.609780893450136,11515671
2006-10-02,20.358827590942383,20.40684295935566,19.859459700101144,20.22438126238119,11034508
2006-10-09,20.709346771240234,20.829387034736484,19.926683740377353,20.229185717255238,12330534
2006-10-16,21.516021728515625,22.03459481654393,20.718954295093486,20.718954295093486,20852184
2006-10-23,21.703283309936523,22.03459382821445,21.194311855840457,21.578440391163273,14131575
2006-10-30,21.275938034057617,21.91935395210073,21.175102815568888,21.36716797951307,15371284
2006-11-06,21.05506134033203,21.544825831841774,20.88700570525621,21.3143487473082,13373735
2006-11-13,21.30954933166504,22.125823537384992,20.887007066644856,20.963832766496783,12457396
2006-11-20,20.55569839477539,21.45839998983715,20.28200670040346,21.271137444389968,11987063
2006-11-27,19.782636642456055,20.493274813157235,19.595374116404482,20.488472176675884,18988036
2006-12-04,20.06113052368164,20.363632534854062,19.652994314191773,19.73462082342204,15165658
2006-12-11,20.752567291259766,20.93502722530236,20.14276235800478,20.24359576866036,14538298
2006-12-18,20.44525909423828,21.040657791064547,20.397241888578673,20.752561883783336,7766803
2006-12-25,20.89180564880371,21.05506047257865,20.4452575751962,20.4452575751962,2848038
2007-01-01,20.930221557617188,21.22312010958432,20.728552951480328,20.89180779200287,9164478
2007-01-08,20.983041763305664,21.098279408858545,20.363633465533542,20.983041763305664,12304465
2007-01-15,21.799314498901367,21.981774396645097,20.94942913887565,21.03105564602376,18029837
2007-01-22,22.351499557495117,22.495547525793885,21.511217605471472,21.818520426287318,17616508
2007-01-29,22.682809829711914,22.90848428784277,22.298679507073015,22.447530098679046,14860325
2007-02-05,21.880939483642578,22.79804704025592,21.391174979822548,22.596380273096013,23266380
2007-02-12,22.11141586303711,22.274670692394775,21.487206867846872,21.83292340805582,15682395
2007-02-19,21.516021728515625,22.461937945737745,21.213519692025287,22.207453123109836,17410941
2007-02-26,20.57490348815918,21.727290921643355,20.339625562477316,21.50641724358751,21546197
2007-03-05,20.28680992126465,20.9782413633221,19.84025987587248,20.262802228520137,25464716
2007-03-12,19.662595748901367,20.627718672367724,19.398507532563336,20.358829651370055,25784247
2007-03-19,21.064666748046875,21.20871471037212,19.600175773013305,19.80664519062487,24405699
2007-03-26,21.208711624145508,21.328751880560194,20.493272721648598,21.223117700450157,15781050
2007-04-02,21.559232711791992,21.92415431797639,21.098276693889183,21.24712728454905,13256193
2007-04-09,21.57843589782715,21.703278790604028,21.242324644202377,21.55923084881213,11379844
2007-04-16,20.930221557617188,21.592844361110927,20.454861282320362,21.559233232032977,20198020
2007-04-23,21.808916091918945,22.125824173547713,21.242327684013635,21.242327684013635,20131588
2007-04-30,23.08133888244629,23.182172251792842,21.37676771657955,21.74168926683467,22372713
2007-05-07,24.204923629760742,24.286551978172405,22.476344213035556,23.162974807800204,22217506
2007-05-14,23.782377243041992,24.72349433357984,23.43666251771072,24.34416664816764,23775132
2007-05-21,24.22298240661621,24.442085131513625,23.789646938126698,24.11586510614333,15713381
2007-05-28,24.70013999938965,24.880290314777874,24.0330955341439,24.22298395541173,15136102
2007-06-04,22.791513442993164,24.78291038221093,22.57241072697095,24.685531190939546,18873367
2007-06-11,24.17915916442871,24.296014557123225,22.669788307691462,22.89862725496497,23891617
2007-06-18,23.37091636657715,24.442083738182646,23.29788150999017,24.18889858799563,12013458
2007-06-25,23.37578773498535,23.448822601710113,22.903501664187687,23.273540407453737,14902761
2007-07-02,23.97953987121582,24.02822854933252,23.073916342354682,23.210246126964655,11974293
2007-07-09,23.804250717163086,24.291144785773017,22.762297707514385,24.17429124942458,17870099
2007-07-16,23.098255157470703,24.393393373595487,22.96192540546396,23.93084547004301,19177709
2007-07-23,21.94431495666504,23.443949540765797,21.52558577130305,23.13233578472999,18757031
2007-07-30,20.848806381225586,22.421474189433727,20.74655906026322,22.036827383123462,27348385
2007-08-06,21.569406509399414,21.710606232713953,20.65891513629298,20.692997571940843,25305403
2007-08-13,21.384387969970703,21.807987174057306,20.96566060435331,21.764166630784676,19662638
2007-08-20,21.44281768798828,21.7252153143644,21.063039007891177,21.59862365923449,11348709
2007-08-27,21.730087280273438,21.803120291203545,20.727084623590166,21.442819646299103,12485056
2007-09-03,21.1214656829834,22.294880339962837,21.033824600109124,21.856674925591467,13917505
2007-09-10,20.834199905395508,21.447685681268904,20.464159332925984,21.209108601844566,15914520
2007-09-17,21.21397590637207,21.27727265978304,20.42033799890004,20.731951784809787,23846870
2007-09-24,22.022220611572266,23.818859228335914,21.204238349300933,21.398996738357404,44553588
2007-10-01,23.078779220581055,23.146944091903862,21.83719787988857,22.10499109916166,20399374
2007-10-08,22.99600601196289,23.463423859347582,22.820723854855274,23.20050248103958,11851486
2007-10-15,22.285146713256836,23.030094210017264,22.25106426944125,23.030094210017264,12701124
2007-10-22,22.270536422729492,22.465292943695534,21.803116686233185,21.910233980044314,16025961
2007-10-29,21.54019546508789,22.757430696092204,21.389257627796074,22.39226012679091,15958735
2007-11-05,20.001611709594727,21.861547133669724,19.889624425460497,21.423341674655738,30670318
2007-11-12,20.347309112548828,21.155553412192482,19.913973570686515,19.957794123085737,16801945
2007-11-19,19.719213485717773,20.48363716855112,19.193366901235464,20.478769044185388,18446492
2007-11-26,20.303485870361328,20.42520940452734,19.29074517457033,19.816591733697287,23190383
2007-12-03,19.972400665283203,20.469032981077646,19.655918686662407,20.434950535054362,15306198
2007-12-10,20.118459701538086,20.6929947635617,19.665648138123657,19.977259997386664,18412844
2007-12-17,20.702735900878906,20.892624289366008,19.524451295808834,19.918836157757518,20780766
2007-12-24,20.619964599609375,21.03382570318726,20.454420529648942,20.702737563266396,5059234
2007-12-31,19.913972854614258,21.23832377116738,19.597490892294033,20.619967935037373,14451085
2008-01-07,20.39112663269043,20.9169713259315,19.913970609384272,20.27914120595718,27172561
2008-01-14,18.346166610717773,20.59561643713015,18.258525539539722,20.35216942993629,30268613
2008-01-21,18.112459182739258,18.798979724678688,16.44241242870337,18.25365890418332,40575366
2008-01-28,18.234182357788086,18.711338299033613,17.57200615937278,17.781370747323308,19363125
2008-02-04,16.758893966674805,18.930443055997177,16.49597256526439,18.492237624723842,30159425
2008-02-11,17.14841079711914,17.800848965442427,16.471628295265486,16.666384820862028,23014903
2008-02-18,17.33342742919922,18.06376850386806,17.21170391675441,17.284738767162654,19777573
2008-02-25,17.61583137512207,18.258531536622886,17.425942944317814,17.59148703787735,20716446
2008-03-03,16.924440383911133,17.869016254154555,16.505712961551357,17.411334549651837,20227817
2008-03-10,15.67799186706543,17.002342680711376,15.371248035136043,16.788109925195325,29695903
2008-03-17,16.666385650634766,17.18249409100071,15.059635412038112,15.210572330530077,30404486
2008-03-24,16.822193145751953,17.503845724413083,16.666387160461497,16.666387160461497,12728562
2008-03-31,17.39185905456543,17.91770375327199,16.500841898136752,16.57874488525453,17828777
2008-04-07,17.01207733154297,17.815453251940358,16.90983002744974,17.421068405269267,15762638
2008-04-14,16.958518981933594,17.085110605223733,16.11132260118101,16.861139810058678,24839013
2008-04-21,17.0510311126709,17.40159544890432,16.116193501832957,17.041293008069577,21623280
2008-04-28,17.830062866210938,18.112462358615574,16.695600487141135,17.12893597406558,9868862
2008-05-05,17.58661651611328,18.428943188927892,17.440548639775304,17.815457365366864,19002300
2008-05-12,18.50592041015625,18.706310141532793,18.06005526445446,18.120171419444176,13842214
2008-05-19,17.67430305480957,18.691278176400463,17.288554134352026,18.581063653110373,21127409
2008-05-26,19.072017669677734,19.072017669677734,17.388750227480585,17.65927576163182,20753838
2008-06-02,17.3136043548584,19.061996710516823,17.28354532717816,19.056987828099,20106940
2008-06-09,16.812631607055664,17.368709272332527,16.301639615587607,17.23344842879067,21539921
2008-06-16,16.231502532958984,17.183348712257104,16.026103020381765,16.842687411143963,19221381
2008-06-23,15.12435245513916,16.44190904872986,14.773671498853012,16.316665986560338,22793224
2008-06-30,14.8438081741333,15.419927058156429,14.478098640583626,15.054216569077965,18316317
2008-07-07,14.407968521118164,15.37985539188337,14.407968521118164,14.989096516702514,19451758
2008-07-14,15.079265594482422,15.199498825227954,13.345901034627948,14.493127997392477,31191882
2008-07-21,15.369832038879395,16.261562221248,14.828781932482743,15.129365537265091,23439202
2008-07-28,13.706603050231934,15.284665675100483,12.925085539101955,15.284665675100483,30275523
2008-08-04,14.743617057800293,14.861345870965254,13.260738340111422,13.686565047329289,28200600
2008-08-11,14.81875991821289,16.1162772367993,14.262680384869581,15.024158475379037,32118595
2008-08-18,14.342838287353516,14.946509944657416,13.89196335317088,14.683499646011624,16201665
2008-08-25,14.027223587036133,14.50314762666494,13.551299547407325,14.277709722518921,15101214
2008-09-01,13.816815376281738,15.069246070127178,13.781747469738672,13.896970864245544,21495235
2008-09-08,14.513169288635254,14.7561411950888,14.054780064631737,14.498140728997447,19249550
2008-09-15,15.490065574645996,15.490065574645994,13.426059008997525,14.052274465677055,42696207
2008-09-22,14.137438774108887,15.454996533889723,13.86691421344409,15.274646189760603,22381165
2008-09-29,12.960156440734863,14.428004773748972,12.356484735451422,14.25266519773517,28246529
2008-10-06,9.834086418151855,12.849940074288728,9.137735185172627,12.369007096109115,46796197
2008-10-13,10.262419700622559,11.652617889830053,9.518475396739676,10.382652959391578,34331057
2008-10-20,9.145249366760254,10.755875467076866,8.531559033439649,10.745856746785039,27238989
2008-10-27,10.077057838439941,10.244884058123276,8.015556910248792,8.656801807059079,36639022
2008-11-03,10.800962448120117,11.790382925099939,9.523483473886662,10.380145642495934,30774165
2008-11-10,10.715798377990723,11.512344499649418,10.119641962947977,11.21176089525443,23184900
2008-11-17,8.987443923950195,11.28189717147718,8.787055181802861,10.961274228512552,26867672
2008-11-24,9.856630325317383,10.392671527303765,9.142745128965855,9.172803201567787,22002444
2008-12-01,9.929271697998047,10.595564876813922,9.27299819538185,9.944301212297564,21401333
2008-12-08,11.021391868591309,11.567451814886558,10.024456991504932,10.385156745032047,17965319
2008-12-15,10.976304054260254,11.412150416897965,10.527933574044276,11.169178522658116,16369340
2008-12-22,10.650672912597656,10.86609118886478,10.447778754723714,10.856071511938639,4821995
2008-12-29,11.191722869873047,11.256848857817472,10.588051199675046,10.846051665553798,4585654
2009-01-05,11.21677017211914,11.494809968381524,10.70577912130251,11.301935506510063,13293802
2009-01-12,9.796514511108398,11.577471378055185,9.708843776058021,11.171683084338671,17707397
2009-01-19,8.822123527526855,10.174748320407419,8.624239216848732,9.849116478910002,16590013
2009-01-26,9.323095321655273,9.711348684408266,8.714413867227927,8.767015732294764,20547873
2009-02-02,10.953758239746094,10.986321703865679,8.686858977218037,9.172801720525985,24841536
2009-02-09,11.8805570602417,11.998285845504588,10.753369490621264,10.770903443039726,21338980
2009-02-16,10.675721168518066,12.273823331000537,10.470322568808946,11.797899186974636,18787613
2009-02-23,9.894203186035156,10.946245234896564,9.160278670729985,10.76589489636922,17718967
2009-03-02,9.934281349182129,10.480341269914383,9.350649076701389,9.668765668059917,17612699
2009-03-09,11.30694580078125,12.098482076551766,9.758941160899521,9.884184248556432,29335722
2009-03-16,11.011371612548828,11.70772380280926,10.735837212547843,11.522363619797202,19757151
2009-03-23,11.65261459350586,11.9882660376094,11.026399284023787,11.339506938764822,16338284
2009-03-30,13.586369514465332,14.077322150630735,10.645661624195926,11.266867176073777,32404463
2009-04-06,13.035300254821777,13.701593415444133,11.705218374794145,13.608913801950079,19187219
2009-04-13,13.616427421569824,13.616427421569826,12.56438538851266,13.03529962341041,10582438
2009-04-20,13.631458282470703,13.69908966982995,12.434134575329736,13.483672344628536,14134029
2009-04-27,13.150525093078613,13.826838003257027,12.619494633058604,13.501206144438974,10535466
2009-05-04,13.355924606323242,14.823773946023461,13.158040271606454,13.275769095772224,16185135
2009-05-11,12.333938598632812,13.37596095727016,11.807917103824439,13.29830990582157,17004216
2009-05-18,12.705840110778809,13.666828836898441,12.335644247612906,12.459887600952493,11252002
2009-05-25,12.878262519836426,13.281421389741993,12.25197144735868,12.85544216994551,11187477
2009-06-01,14.194232940673828,14.305798554324323,13.083644231320221,13.162247870841538,12815537
2009-06-08,14.817987442016602,15.010692821469192,13.79868015762494,14.021812345898693,13121723
2009-06-15,13.638938903808594,14.774883112874662,13.555263969149863,14.678530421608771,15101783
2009-06-22,13.453839302062988,13.793608360695773,12.918829720378087,13.646543693753642,10762674
2009-06-29,13.410736083984375,14.021813268500509,13.319454684263977,13.463983244737648,7724487
2009-07-06,13.098856925964355,13.463981510566752,12.660200004697009,13.210422529446845,10753688
2009-07-13,14.84080696105957,14.954908696825816,12.92897296491828,13.007575630584437,13845139
2009-07-20,15.649662017822266,15.811939625429488,14.503575205032705,14.911805355748223,10448666
2009-07-27,16.445833206176758,16.572612677741795,15.264248569880632,15.857576535495031,9648469
2009-08-03,15.984356880187988,16.790674440765887,15.652194298333356,16.237915837168444,11533901
2009-08-10,16.23537826538086,16.745032265350584,15.44934595538599,15.82207789859514,10109542
2009-08-17,16.49908447265625,16.582759409066856,15.474705854437259,16.093390449228355,8272179
2009-08-24,16.24806022644043,16.679109727228955,15.933646659385072,16.597970929392236,6557113
2009-08-31,16.090856552124023,16.390056298672583,15.167901795211916,16.07310749658733,10046684
2009-09-07,17.467676162719727,17.642632459783965,16.007177015241588,16.16945459082242,14033503
2009-09-14,17.145662307739258,18.08382994508726,17.11269839575283,17.24201404273386,17422937
2009-09-21,16.98845100402832,17.784626015725653,16.975772281717283,17.069589797115263,10461392
2009-09-28,16.141565322875977,17.444859348663044,16.024928419195863,16.99352271985534,12849487
2009-10-05,16.65375328063965,17.029021408629415,15.824615329998021,16.03506974005646,11648047
2009-10-12,16.861671447753906,17.39414489604585,16.709536453170696,16.813494624577014,10064092
2009-10-19,18.225814819335938,18.459090500387248,16.975769242614234,17.026482188278028,14836830
2009-10-26,16.884490966796875,18.497126178689804,16.53458028289612,18.286673702775634,16474225
2009-11-02,16.7703914642334,17.198906776894994,15.6800879993577,16.800819239490966,19431107
2009-11-09,16.970701217651367,17.054376138472694,16.532043367028535,16.810959769766292,10897227
2009-11-16,16.61318588256836,17.65784972525039,16.532047074801913,17.036630909648085,10071780
2009-11-23,16.369768142700195,16.90985004160074,15.462027441100732,16.417944970921795,13002264
2009-11-30,16.608110427856445,16.785600910536882,15.801792928177413,16.242984938341056,12602295
2009-12-07,16.085783004760742,16.734894408828644,15.953932205469567,16.66136206489207,9205834
2009-12-14,16.19988441467285,16.52190542917518,15.908292143953572,16.22777605953531,11166313
2009-12-21,16.28862953186035,16.400196110308553,15.898149409044105,16.278486939774,4111080
2009-12-28,16.126352310180664,16.46358625067361,16.0325357492826,16.41033909183289,2464025
2010-01-04,16.559934616088867,16.952951767388242,16.11874257913761,16.136491628483313,9542995
2010-01-11,16.040142059326172,16.7602496645221,15.725729438146034,16.732358019509977,13169890
2010-01-18,15.568520545959473,16.4559769068179,15.37328003050054,16.136492075248487,13256459
2010-01-25,15.700370788574219,15.87025579961003,14.899124490716758,15.370744324583937,17522054
2010-02-01,15.172968864440918,16.11367241477962,14.927016353032682,15.563449911949679,13044881
2010-02-08,14.706418991088867,15.441740327543561,14.341294454003092,15.211001723442365,14701528
2010-02-15,15.434136390686035,15.434136390686035,14.43004296125889,14.70642231588539,14324243
2010-02-22,15.104508399963379,15.550772747568477,14.734312520353996,15.540630156202281,10928439
2010-03-01,16.412872314453125,16.455976873326772,15.188182074680661,15.31749671855227,10837782
2010-03-08,16.501619338989258,16.864208767795773,16.012250416676984,16.433157329175284,12891377
2010-03-15,16.258203506469727,16.75517890607776,16.217633138582567,16.542188343673395,13122077
2010-03-22,17.343433380126953,17.416965711215006,16.16184865641294,16.187204165701594,14953489
2010-03-29,17.82773208618164,17.997618080830364,17.09494675497829,17.447393598657346,10377120
2010-04-05,17.678133010864258,17.97733269506569,17.465142454304843,17.827731885714194,8807104
2010-04-12,18.033117294311523,18.355136382378827,17.688276889647963,17.875910013376114,13262802
2010-04-19,18.905359268188477,18.966214823756857,17.802377955659555,17.977334292540615,13994751
2010-04-26,18.82929229736328,19.250199240714977,18.32724461509862,19.067636447164194,13762156
2010-05-03,17.99254608154297,19.04988662808641,17.774485190737636,18.803936027528408,19336890
2010-05-10,19.584896087646484,20.317681423030027,18.357671489461453,18.372884410008698,20996530
2010-05-17,18.2689266204834,20.107229360087146,17.89112231977883,19.463189271589222,23597993
2010-05-24,19.251325607299805,19.358631800645153,17.700488939381284,18.548722468717695,14058449
2010-05-31,19.471050262451172,20.209422182806733,18.896193109625916,19.197673827744264,11031343
2010-06-07,20.48280143737793,21.08831842344522,19.064821434745742,19.110810091273002,14084649
2010-06-14,20.799610137939453,20.883921038732428,19.79297076885266,20.74084610478093,15159644
2010-06-21,20.623319625854492,21.62740351086016,20.551782160133946,21.30803843228647,13212121
2010-06-28,19.358633041381836,21.277379008603457,19.312644391393512,20.776614791647106,13935074
2010-07-05,20.005029678344727,20.426590030602167,19.371408492850566,19.46849477683565,11228694
2010-07-12,21.537982940673828,22.123058083562064,19.859400067308133,20.08167692749934,23413773
2010-07-19,21.45622444152832,21.640177090659808,20.743401347425863,21.38468502607469,10901932
2010-07-26,21.10875701904297,21.711718502855863,20.41637369425146,21.548201773173606,11037576
2010-08-02,22.432209014892578,23.188465459526633,20.960573851395136,21.185406216259253,16320669
2010-08-09,21.402572631835938,22.78989483046987,20.840490784379302,22.73368820512425,10847441
2010-08-16,21.39490509033203,22.519070572120565,21.15218840699975,21.504766756832385,11511353
2010-08-23,21.338701248168945,21.619744142775325,20.81749903276306,21.461338324838113,9458824
2010-08-30,22.531848907470703,22.751572269261608,20.51856991331682,21.341254786638583,12031327
2010-09-06,23.61002540588379,23.947274892903746,22.21248333605299,22.570170709218104,13739185
2010-09-13,24.225757598876953,24.540013697450895,23.459281401550008,23.837410516567864,25545393
2010-09-20,25.728046417236328,25.820023703175263,24.126112260757246,24.202760648789518,17030715
2010-09-27,25.191524505615234,26.647830866891113,25.102102646850565,25.625862311294142,16776661
2010-10-04,25.584980010986328,25.697397164339414,24.435265503784724,25.06633133406207,14979019
2010-10-11,25.268163681030273,25.866014131652967,25.07143371448377,25.65140174914727,14064157
2010-10-18,25.564538955688477,25.77404240015649,24.823613423539427,25.15575198468382,10258723
2010-10-25,26.320796966552734,26.39233639649501,25.08932504381653,25.707617446763045,13309811
2010-11-01,27.623804092407227,28.099019512004816,25.881348203632687,26.45364991084973,17752763
2010-11-08,28.2523136138916,28.564014251673246,27.00551106276502,27.434737819025845,11745604
2010-11-15,28.957477569580078,28.98813732743006,27.52672200716939,28.13990351941691,10320234
2010-11-22,30.27581024169922,30.659048346024523,28.81439529199208,29.294721630266338,13856180
2010-11-29,32.54458999633789,33.464361364322976,29.238522836720637,30.531312517028827,16543297
2010-12-06,31.946725845336914,32.97380301836074,30.086744051881052,32.702982071838214,16976030
2010-12-13,31.65546989440918,32.41683522029158,31.37442898922272,31.68101871319887,9616194
2010-12-20,32.324859619140625,33.27018155824644,31.49706576131961,31.6299227448372,5766891
2010-12-27,30.07141876220703,32.03870906066683,29.463348278637636,32.03870906066683,9067457
2011-01-03,30.30647087097168,31.54816252094737,29.74949806522435,30.280920103875587,13158490
2011-01-10,30.117412567138672,30.95031748395449,29.018797541777637,30.04587508028032,13911649
2011-01-17,28.461811065673828,30.62838227688579,27.680004168658016,30.04586079037361,19229714
2011-01-24,29.177196502685547,30.122518424817216,27.797540747506893,28.41072021680852,14734380
2011-01-31,29.049449920654297,29.759719569871095,28.221656092924952,29.064780771579812,12819776
2011-02-07,32.2635383605957,32.416833213092005,28.89615279241959,29.126096045788938,16926624
2011-02-14,30.94520378112793,32.53947393559752,30.710149568249378,32.44749662387331,13255651
2011-02-21,29.994768142700195,31.517500581762864,28.81439412735728,30.858330601146054,13371633
2011-02-28,29.5246639251709,31.221131168027217,29.407137803140177,29.872133307370373,14531267
2011-03-07,28.76840591430664,30.40355550794524,28.569122416974857,29.029008910240314,14483500
2011-03-14,28.25742530822754,28.845057906241987,26.57628685583837,28.48736858350493,22306190
2011-03-21,29.36115074157715,29.723949044357084,27.7208919789383,28.839946640044715,14094212
2011-03-28,31.282455444335938,31.328444103388136,28.819511591207416,29.330495825454,12397627
2011-04-04,29.913013458251953,31.425526117382415,29.80059631829972,31.3693175474063,14126756
2011-04-11,29.698396682739258,29.851691529788116,28.727528018596644,29.637079133769657,12617108
2011-04-18,31.17003059387207,31.262007889269373,29.018787966606727,29.56042987366897,9160476
2011-04-25,32.534366607666016,32.534366607666016,30.965645099432177,31.170039581304763,8582434
2011-05-02,32.10002899169922,33.36727159029539,30.797019602394833,32.70299053564009,18303536
2011-05-09,31.609479904174805,32.62633727345275,31.159813305342183,32.05403556991567,30742233
2011-05-16,31.81411361694336,32.6071189895919,31.501086070715516,31.913238542206702,14286629
2011-05-23,31.66803550720215,31.82454928598232,30.692431028964428,31.302835363261302,11434734
2011-05-30,31.454132080078125,32.288873539170844,30.989807019071517,31.76715962969274,8494868
2011-06-06,32.52364730834961,33.11318462159122,30.91676740752986,31.35500719955518,12825075
2011-06-13,33.48359680175781,33.67663236927395,32.08018718839354,32.60711732874666,14315703
2011-06-20,35.02265548706055,35.71653598507913,32.8314585232099,33.21230946197786,15943938
2011-06-27,35.35654830932617,36.53040455304082,34.84527092995488,35.00178270756686,13700439
2011-07-04,35.74262619018555,36.58258602360284,35.23656298839679,35.46611841527709,10610201
2011-07-11,37.91294860839844,37.94946842261812,33.48881691280942,35.47654562172271,19062626
2011-07-18,37.34428024291992,37.90251393167653,36.69735217006552,37.70426011113428,10362184
2011-07-25,36.42606735229492,38.528573906376394,35.47654813495614,37.156467668792786,13632021
2011-08-01,31.553260803222656,37.4381957635936,30.572437978130687,37.354719617459004,23533885
2011-08-08,30.95850372314453,32.13236002914317,26.977826003774144,30.963719986602825,34750735
2011-08-15,27.2856388092041,31.65760220692648,26.383073927021478,31.30283656662362,21611842
2011-08-22,28.19863510131836,28.986424182591435,25.999610995258244,26.257860801401556,23599295
2011-08-29,28.287330627441406,30.082025874967623,27.859525353378874,28.814260834212806,16509945
2011-09-05,26.967388153076172,28.381234197175594,26.010043717281512,27.546490844211373,19119922
2011-09-12,29.83160400390625,29.99855230971979,25.582243616168594,26.137868259874843,26085540
2011-09-19,27.22303581237793,30.243760253835383,26.057004741077762,29.11163987499028,18480174
2011-09-26,26.06743621826172,28.61079159054113,25.38138312661447,26.842181711631124,22557710
2011-10-03,26.550024032592773,26.65958349037311,22.68934178795969,24.6562017344459,26416875
2011-10-10,29.445531845092773,29.82638275386035,25.989177252245142,26.86826589157027,15965244
2011-10-17,29.836822509765625,30.301149634767224,27.17608194451999,29.85247528286112,17124783
2011-10-24,32.24713897705078,32.59147009388404,29.497706306045195,30.181150285870505,15834297
2011-10-31,30.186368942260742,32.03323677089556,28.835129755572204,32.03323677089556,18214016
2011-11-07,30.640260696411133,31.45413519218771,28.95512484088919,29.998552763083396,14320626
2011-11-14,27.937782287597656,30.885466971136484,27.849091869279263,30.859381671053477,13833800
2011-11-21,26.252647399902344,27.854309164505217,25.3135626308795,27.83344012759382,14533814
2011-11-28,29.012516021728516,29.951600828978044,26.539590772129806,26.633499451872858,16883045
2011-12-05,28.06821060180664,29.946382048692715,27.57780019671314,29.398580799487934,12511069
2011-12-12,26.080480575561523,28.120381988783635,26.033526241643646,27.948215434357838,17649856
2011-12-19,27.38998031616211,28.120380587332015,25.783100515660564,25.87700917881614,9641325
2011-12-26,27.0039119720459,27.80735189685884,26.403942150410803,27.389981153508188,3589771
2012-01-02,28.981204986572266,29.518571624254054,26.842178922574345,27.045647012786286,11066428
2012-01-09,30.494178771972656,31.464566973644022,29.012511171715648,29.215979280418228,13092080
2012-01-16,33.175785064697266,33.43142573661341,30.28548974796921,30.468090796532305,14714147
2012-01-23,33.70271682739258,34.60006536382249,32.51320978342219,33.08187800868849,11664392
2012-01-30,36.50954055786133,36.519973084526555,33.24361042180111,33.28013023567119,13580387
2012-02-06,36.452152252197266,37.886865501846394,35.669581388752285,36.39997767701194,15209368
2012-02-13,37.55297088623047,37.5842724486928,35.81044426920064,36.78083250914749,11591397
2012-02-20,36.686927795410156,37.90774060771571,35.805229874320695,37.751224817812314,10638576
2012-02-27,36.838218688964844,37.44340474139516,35.3043785537654,36.26954846985139,11940721
2012-03-05,36.78083419799805,37.16168714034353,34.70441088482287,36.467806617917205,18217682
2012-03-12,38.09554672241211,38.58074080220457,36.35302423004933,36.72865886993526,18242147
2012-03-19,35.424373626708984,37.82425670428816,34.66267183141079,37.74599882537949,15823624
2012-03-26,35.17917251586914,36.222600436873286,34.26095483088424,35.575676240351974,12445602
2012-04-02,34.840049743652344,36.10781453935434,34.14095510570972,35.67479109506172,10816865
2012-04-09,35.2156867980957,36.045209954322004,33.953140167435805,34.84005216872492,12201485
2012-04-16,36.43649673461914,36.780829817956345,34.85048998703076,34.90266058077123,13059531
2012-04-23,37.631221771240234,37.824257345103874,34.64180338524322,35.893917527911995,13265042
2012-04-30,35.993045806884766,38.58074662986572,35.85740304005119,37.725136034378544,12660852
2012-05-07,35.267860412597656,36.65040310516364,34.17748022367228,35.007003450995064,15110779
2012-05-14,31.986278533935547,35.13742884031081,31.834981031874243,35.07482572246545,16209507
2012-05-21,33.450504302978516,34.455638863282985,33.09924617208389,33.22353697156057,12008814
2012-05-28,31.732046127319336,35.01224889136604,31.256497184795172,33.74231736074818,13719505
2012-06-04,31.786083221435547,32.9911657002021,30.316205873386465,31.288920036916906,13480138
2012-06-11,30.240558624267578,32.93713547847877,30.175711683705032,32.80203648312935,17381197
2012-06-18,30.516159057617188,31.57533459368258,30.42429067686983,30.905242728376724,11769083
2012-06-25,30.764738082885742,30.829585012270446,28.727445336816423,30.402671765807156,13995013
2012-07-02,30.489133834838867,32.499407120282,30.37024814585063,30.74852566514161,13007388
2012-07-09,31.218671798706055,31.35917382750721,29.932528962678532,30.51075241832581,10968780
2012-07-16,31.49427032470703,32.758796730147495,30.683676527923318,31.159225465908154,11830431
2012-07-23,31.964418411254883,32.08870922127663,29.592078671093386,31.0727643488399,15109769
2012-07-30,31.407814025878906,33.196525475780454,30.37565777846944,32.153561061312864,17456777
2012-08-06,32.369712829589844,32.79662399217187,31.256496616178193,31.30513232602255,11083045
2012-08-13,33.212730407714844,33.310001831375175,31.67800602061994,32.27244272759385,9523373
2012-08-20,32.450775146484375,33.52616395297079,32.01305576301926,33.23975270861989,9907008
2012-08-27,31.159223556518555,32.8992987933147,30.770137898242023,32.3156703058999,10702495
2012-09-03,31.359169006347656,31.683407737608206,29.37051220915693,30.926852759446735,16283514
2012-09-10,33.50454330444336,33.76933818275692,31.213263952070726,31.305132320180306,13316357
2012-09-17,32.310279846191406,33.66667300458568,31.705034794904403,33.428899488224765,15114482
2012-09-24,30.753934860229492,32.331892179460944,30.753934860229492,32.10492479796835,11283358
2012-10-01,32.958744049072266,33.093843012599216,30.537768808596248,30.721503481450767,12431442
2012-10-08,32.63990783691406,33.42348011437756,31.90496920349362,32.76960167725507,9594448
2012-10-15,33.50994873046875,34.412410952149074,32.294057959877115,32.5804691876225,13556429
2012-10-22,32.94793701171875,33.569391028333854,32.00224423467926,33.54777676012955,11042100
2012-10-29,35.125728607177734,35.28244389109537,32.42915253475949,32.86147084369731,10692631
2012-11-05,34.70963668823242,35.81744600792613,33.936868186452315,34.882563242291134,15363576
2012-11-12,33.499141693115234,34.73664669844543,33.27217435031035,34.666396717899346,9466209
2012-11-19,35.5472412109375,36.18490853011454,33.77474334011141,33.82878210487689,11165730
2012-11-26,36.84959030151367,37.065745319563725,35.298652897359126,35.39051919231967,8782178
2012-12-03,37.30893325805664,37.38999346726014,36.48212819454661,36.99550264801296,8356710
2012-12-10,38.762603759765625,38.84906496886943,37.00631690177734,37.16302810095885,8301340
2012-12-17,39.28677749633789,39.36783770017134,38.47618370378985,38.76259697372047,8935024
2012-12-24,39.411075592041016,39.989299075925814,39.28678271327231,39.28678271327231,2076093
2012-12-31,40.962005615234375,41.15654844411315,39.41106809692111,39.41106809692111,5010431
2013-01-07,39.567787170410156,41.005238073741154,38.69234435664914,40.87554421637065,9392476
2013-01-14,39.62722396850586,40.28650748694945,38.822031279053185,39.50293112367934,7657843
2013-01-21,40.98902893066406,40.98902893066406,39.31920754849676,39.729905471430435,5870196
2013-01-28,40.248687744140625,41.156553005223294,39.816369382522794,41.07008768374235,7245266
2013-02-04,39.7191047668457,40.41621607994988,37.854740273886115,40.41081096570729,8453310
2013-02-11,38.71936798095703,39.73531081289106,38.41674346618808,39.5894057304922,6643944
2013-02-18,37.173828125,38.881476734280774,36.784742483598784,38.2546197409399,9474350
2013-02-25,37.39539337158203,38.692344312486924,36.763131179367406,37.41700970160134,10753413
2013-03-04,39.25975799560547,39.502934470701014,36.773937994489316,37.19004097080443,7995506
2013-03-11,37.82771682739258,39.448904691423685,37.50888519312222,39.30299959773422,10629518
2013-03-18,37.60614776611328,38.82744362412929,37.01711822876125,37.26569984182762,11062857
2013-03-25,36.374046325683594,38.314069730107946,36.14167592622092,37.97361767805015,7615167
2013-04-01,35.833648681640625,37.400797523151915,35.43916200688817,36.37404454954843,7463082
2013-04-08,36.42268753051758,37.54671208601141,35.4067405149046,35.990369125206456,9130664
2013-04-15,35.03926467895508,36.601012467104,34.190845427017365,36.46591350559126,11034568
2013-04-22,37.081966400146484,37.44403064664241,34.76906859357489,35.19058083900298,9851115
2013-04-29,38.97335433959961,39.016582878807654,37.08196866303621,37.184641081910584,8347443
2013-05-06,38.82203674316406,39.10304490019585,38.006041960109734,38.89229084386863,7609096
2013-05-13,38.87067413330078,39.713690350339206,38.28164050565463,38.913906791326646,12052202
2013-05-20,39.655582427978516,41.55779808809893,39.09051580876802,40.58431288232895,8600069
2013-05-27,41.22771453857422,41.490668474222915,39.918540805555644,39.94651626322465,7298627
2013-06-03,40.394100189208984,41.669706992499314,39.09611813833931,40.98155074688817,8449582
2013-06-10,39.180030822753906,40.77453360737879,38.352010271086165,40.332547876122206,8873867
2013-06-17,36.007808685302734,39.78986060148116,36.007808685302734,39.38703794824313,13041846
2013-06-24,37.585533142089844,38.111441042575485,35.705696677009016,36.097327495377606,12690483
2013-07-01,37.0372428894043,38.4191468073128,36.052569973412105,37.78694160083941,9248446
2013-07-08,39.45417404174805,39.83461720207092,37.372930684228585,37.59112558677865,7297301
2013-07-15,40.410888671875,40.64586719131059,39.308722033173744,39.610839101786496,6136258
2013-07-22,41.490657806396484,41.73682384307773,40.23183936715078,40.61787411930377,6267787
2013-07-29,40.550743103027344,41.938238480873814,39.896154218367855,41.6529050833789,8065027
2013-08-05,40.45004653930664,40.7913266504577,39.20801128475106,40.70180859643839,6287538
2013-08-12,42.25714111328125,42.3522508277023,39.79545054817187,40.58990819906452,6215843
2013-08-19,42.18442153930664,42.38023696200754,41.01511641211086,42.25155581654347,5590492
2013-08-26,39.88497543334961,42.36344998900336,39.48215272846911,42.352258098059046,6126102
2013-09-02,43.47120666503906,43.57750828307818,39.66118320448167,40.466828586555884,9242428
2013-09-09,44.70205307006836,44.79156684990355,43.3872876821013,43.52715643121387,7054415
2013-09-16,45.02095031738281,46.12311666182224,44.32720256826427,45.30628373963562,9471578
2013-09-23,44.81394958496094,45.613999058161994,44.41112687559316,45.19998872618102,5566696
2013-09-30,44.5789680480957,45.496506704095,44.019493049634896,44.41112384117527,5481542
2013-10-07,45.17201614379883,45.28391371933609,43.76773678556866,44.48386419518291,4852096
2013-10-14,45.893733978271484,46.60426962497323,44.79716348066048,44.92584460993393,8601874
2013-10-21,46.80568313598633,46.96233546169222,45.16082517916303,46.07276794292559,7455531
2013-10-28,46.257389068603516,47.02387128727536,45.53006992572044,47.012679397932786,6973772
2013-11-04,45.748268127441406,46.81127146383479,44.51182890977601,46.520346346689294,11332017
2013-11-11,45.625186920166016,46.11752337232955,44.71323995908616,45.87694895706041,6652715
2013-11-18,46.86722183227539,46.93436037316022,45.524485162225034,45.62519083932439,5160508
2013-11-25,47.31480407714844,47.56656613837849,46.95674039215397,47.096609152494175,4358030
2013-12-02,45.95527648925781,47.81273333188747,45.49650715669433,47.39872302407543,7184527
2013-12-09,44.64051818847656,46.374890123310344,44.38316015787792,46.26299681207831,6291272
2013-12-16,46.990299224853516,47.19171054562755,44.39433583316053,44.584559533204924,8718671
2013-12-23,47.79035186767578,47.941412502928465,47.191713808555036,47.38752919827577,1625895
2013-12-30,46.984703063964844,48.17078709702635,46.63223115202667,47.896645596539166,2809597
2014-01-06,46.52034378051758,47.62810181104997,46.106333505259876,46.99589664285543,6916668
2014-01-13,48.23234176635742,48.60718901157941,46.49797002912439,46.71616494908678,6842446
2014-01-20,45.86016082763672,48.43934060386965,45.6419659457823,48.18198264754021,7363204
2014-01-27,45.216773986816406,46.48118881222502,44.01390175922343,45.949684946404155,11496107
2014-02-03,45.76505661010742,45.97765557301156,44.22090441822202,45.356637982855105,10248277
2014-02-10,48.11484909057617,48.31626042824571,45.66994185014364,46.072764525482725,8072605
2014-02-17,47.6784553527832,48.09246561567345,46.57069308688705,48.09246561567345,7005886
2014-02-24,47.10779571533203,47.95260420394736,46.26299149517242,47.31480301262222,8234242
2014-03-03,45.79861831665039,46.85042965312322,45.61958650898576,46.000029633829975,8935122
2014-03-10,44.343990325927734,46.36928712292455,43.40407214181988,45.60280909383349,10273228
2014-03-17,49.457584381103516,49.74850946490929,43.82926371514046,44.27684536394699,16441280
2014-03-24,51.600379943847656,51.84654603564819,48.8757352197366,50.07301135078164,9299602
2014-03-31,52.50674057006836,52.719343853196776,50.867478253654916,51.80739665126495,7207505
2014-04-07,50.47023391723633,51.91927623407581,49.821245205249284,51.76261966508785,7373230
2014-04-14,51.53883743286133,51.55562099954901,49.239394890630955,49.860412468807354,5516572
2014-04-21,50.10657501220703,52.80884003737637,49.85481299281205,51.53883378264361,5667808
2014-04-28,49.810054779052734,51.007330846524894,49.647806529176854,50.285607639196414,4432205
2014-05-05,49.300933837890625,50.4086918419778,48.69110392641519,49.92754304635849,8224713
2014-05-12,48.35542678833008,50.520596680985705,47.863090300868144,49.60305797753736,9563558
2014-05-19,51.81458282470703,51.88376275841838,49.652759376439604,49.84300089546499,6024799
2014-05-26,53.088619232177734,53.192386938151905,52.079768245633765,52.17200816127359,4779761
2014-06-02,53.54404067993164,53.768869962898876,52.045177327403096,52.89261280854466,6318132
2014-06-09,52.3218994140625,53.814996865410045,51.89529637232758,53.814996865410045,5009896
2014-06-16,53.35957336425781,53.889944131186375,52.033657442540544,52.079773006334705,7696678
2014-06-23,53.2442741394043,54.31077289712023,52.57554793130656,53.34227575320578,5771648
2014-06-30,54.8526611328125,55.27925967626408,53.094376517266674,53.32497186986555,5244249
2014-07-07,53.07709884643555,54.93915171945105,52.17201543960088,54.67973021920404,5459818
2014-07-14,53.964881896972656,55.40033152592157,52.79461543333116,53.41145558699526,7134034
2014-07-21,54.36265563964844,55.21585283456472,53.105915427036216,54.04558643990456,6033411
2014-07-28,50.51749038696289,54.40301102351309,50.08512568334829,54.40301102351309,8948687
2014-08-04,49.802642822265625,52.88684313467176,48.28071959524203,50.84608144428996,10953282
2014-08-11,49.71617126464844,51.4513960491873,49.589343590276435,50.58666670382281,7027497
2014-08-18,51.34186935424805,51.98753560472803,50.3041966353327,50.60396758126607,5010988
2014-08-25,51.076690673828125,52.748501999357785,50.563618164710114,52.17201563870906,6101906
2014-09-01,53.06555938720703,53.376858081872605,50.44831136750379,51.16315306330334,6756169
2014-09-08,51.55516815185547,53.46910242387476,51.22657114846859,53.169331493759515,5047319
2014-09-15,51.301517486572266,52.777325488257425,51.02480651004745,51.33610965731912,7180734
2014-09-22,49.37029266357422,50.91527632013634,48.45944313807105,50.90374852789541,10486293
2014-09-29,48.20578384399414,49.900650499760836,48.17695777098046,49.347224204179746,7515303
2014-10-06,45.847957611083984,49.3126417229131,45.60006831060553,49.24922787407616,12859448
2014-10-13,46.44750213623047,46.61468369505491,43.08658587052599,45.31182339409858,14576928
2014-10-20,47.439064025878906,48.5228568206429,44.643106004497575,46.40715289337993,10454946
2014-10-27,49.18581771850586,49.38758707166398,46.28032583830291,47.84260339881579,7821045
2014-11-03,48.03860092163086,49.56629038456289,47.312227005241226,49.231927299436116,9981068
2014-11-10,47.88294219970703,48.759203683704925,47.300694306444925,47.94059433810107,6785677
2014-11-17,50.823028564453125,50.97291181874799,47.11622189924601,47.36411115610711,8360398
2014-11-24,53.007904052734375,53.00790405273437,50.63854543129985,50.840319118834294,6756275
2014-12-01,53.23851013183594,53.60746102033774,51.647406676270954,52.51790224050561,8405499
2014-12-08,50.719261169433594,53.25003540314117,50.644315143597275,53.10014774970947,6676358
2014-12-15,51.84917449951172,52.69084389294171,47.99824619088185,50.592434304227815,10903044
2014-12-22,52.362247467041016,52.431423002594734,51.65316743992791,52.15471206389772,1634788
2014-12-29,50.7365608215332,52.50060750346621,50.37337163531773,52.34495813668919,2892599
2015-01-05,50.823028564453125,51.91258719622285,48.741912905239,50.25807011919727,9203369
2015-01-12,53.953346252441406,54.18970772708761,50.08512402652015,50.73079021259265,10847991
2015-01-19,59.26279067993164,59.55103381670516,53.81499275596743,54.21853578639509,12546586
2015-01-26,59.608680725097656,60.84812707542012,58.34040830220722,59.03219445966778,9237685
2015-02-02,61.59756088256836,62.46229034109269,59.2339679089168,59.7528064636797,6763729
2015-02-09,62.14522171020508,62.23169113217461,58.484530374466765,60.81930152895044,6862201
2015-02-16,64.04762268066406,64.10527042708271,60.18516649347903,61.770503710318444,5980420
2015-02-23,65.14293670654297,65.14293670654297,62.89463978127084,64.82586755619727,7007134
2015-03-02,66.4688720703125,67.04535836962748,63.759383824587296,65.43119497224899,7494160
2015-03-09,69.14952087402344,69.23599468735229,64.71057870437802,66.29591582185722,8911749
2015-03-16,67.30477142333984,71.3401752774159,65.54648655619596,69.46659491659487,13852797
2015-03-23,66.93006134033203,68.51539873141684,63.730564880905845,67.27595225510221,9465235
2015-03-30,66.26709747314453,68.34245164190541,65.86355882824179,67.50654387997635,5891978
2015-04-06,67.65067291259766,67.93891609023825,64.45117627973224,66.26710478027447,6603361
2015-04-13,63.64409255981445,67.96774009243443,63.471144899212966,67.59302309329236,8693715
2015-04-20,63.67290115356445,65.40235981122478,62.606402527655426,64.01879640368917,8828943
2015-04-27,61.16519546508789,65.8635596831867,60.35811376656467,64.27822236039664,8600068
2015-05-04,63.125244140625,63.125244140625,58.51335415774829,61.655202449286634,12069513
2015-05-11,58.80160140991211,63.413491716571876,57.67745490696032,63.355843967386896,11676461
2015-05-18,62.13346862792969,63.85280712546208,59.91018140875218,60.47341236162804,8651198
2015-05-25,59.70267105102539,63.17100273552582,59.40623275479729,62.133468698727434,7878289
2015-06-01,59.04457473754883,61.03664035107704,58.30347903380438,59.880532862551384,10386330
2015-06-08,59.24021911621094,60.85877396025017,56.57820488327139,58.801491770348555,11739260
2015-06-15,57.9477424621582,59.15721095263548,56.42405017958754,58.36868419527278,11535209
2015-06-22,61.362728118896484,62.51883567993671,59.49516592366347,59.58409831834876,11191691
2015-06-29,58.635494232177734,60.71056224680179,57.639461404226616,58.22047791527934,11544919
2015-07-06,56.44184875488281,58.38055770961529,53.57232827132724,57.50902841100063,17182132
2015-07-13,56.66714859008789,57.8173261603979,55.30946058354234,57.242239636887724,12954521
2015-07-20,54.33120346069336,57.33708721014549,54.082196410037874,56.66713837672798,9588791
2015-07-27,54.129634857177734,54.23042279259744,52.48736415828047,53.76797977286994,12405107
2015-08-03,55.066368103027344,55.7185358765308,53.003160400654416,54.09998102919123,9941101
2015-08-10,51.07630920410156,55.39837924780095,50.59015067574066,55.28573127014671,12181301
2015-08-17,47.5072021484375,52.096070464891575,47.18704822938561,51.87670448610889,12882876
2015-08-24,49.17318344116211,49.635626435245015,44.22266053572734,45.355056938977356,19588923
2015-08-31,47.619842529296875,49.149465056524534,46.96767925341119,48.734448773114416,9569917
2015-09-07,50.70873260498047,52.69486822143997,47.6850629849522,48.05264808888642,10905759
2015-09-14,50.815460205078125,52.61780587298709,50.10993550141283,50.57238311597295,11050207
2015-09-21,46.77202606201172,50.6079376865171,42.71675303051182,49.40439913225538,28341833
2015-09-28,46.368873596191406,48.017069651731,44.31159128107938,46.71274307457724,10556451
2015-10-05,52.0545654296875,52.35692922811724,46.51709583140082,47.29376270220208,10075338
2015-10-12,51.42611312866211,53.33517643427091,51.011101333220765,52.38064478146651,8755745
2015-10-19,55.3094596862793,56.00312423685527,51.20675461608669,51.34311370382919,8737912
2015-10-26,55.3509521484375,55.8311806811385,54.27784709702854,55.04265382566759,5809999
2015-11-02,56.933937072753906,57.41416565357529,53.2047428536095,54.97744707894468,10725715
2015-11-09,56.05055618286133,57.65132124712469,55.137525645506564,57.052519117850636,7328572
2015-11-16,58.79557418823242,59.04458128672079,55.30353120671745,55.30353120671745,6250086
2015-11-23,60.176971435546875,60.473409718480596,57.01101274499348,58.67699444762848,5950311
2015-11-30,58.20269012451172,62.16310567962557,57.153300615911235,60.11768338101774,9187654
2015-12-07,55.79561233520508,60.14732402954889,55.279808109681404,58.81928182757248,6731040
2015-12-14,57.337093353271484,58.98528951746851,54.289708102211655,55.777829580490774,9711098
2015-12-21,58.42798614501953,58.90821470580566,56.16912340080106,57.14144058648287,3354824
2015-12-28,57.88253402709961,58.74220771004207,57.56831018975439,58.623629690003995,1369610
2016-01-04,49.469627380371094,56.15134500019062,49.451841805224156,56.15134500019062,10993048
2016-01-11,46.256229400634766,51.36682721704002,45.402490189841586,49.27397358534702,12546620
2016-01-18,47.2581901550293,47.99928585660099,44.73846476968552,46.232516237096014,9592422
2016-01-25,45.44991683959961,47.779917253919685,44.892611455435485,47.613912549689246,8558345
2016-02-01,42.93019104003906,45.65149209918865,41.13377138254728,45.58627532004099,11716065
2016-02-08,41.65550994873047,43.44599523745088,39.12985444101656,43.137701404829585,11524129
2016-02-15,43.77207946777344,45.43806122841967,42.675258687384044,43.03690924373015,8885535
2016-02-22,43.807655334472656,44.91633629906148,40.87291772442384,44.42424759365923,7804175
2016-02-29,48.9893913269043,49.38662208252806,43.04876984611219,43.309636994887896,9201551
2016-03-07,46.671241760253906,49.18503701297685,44.67917623219753,48.764095214105694,13528541
2016-03-14,48.36687469482422,49.511126727506515,46.7246039600466,47.43605860256999,12247648
2016-03-21,47.18111038208008,49.06052769897735,46.97953003096521,47.96370713846154,5621391
2016-03-28,46.24436569213867,49.13167579386507,45.805638361067395,47.18111162123536,6454729
2016-04-04,44.05073547363281,46.505244363051894,43.45785884288831,46.0309412491404,8472059
2016-04-11,46.46372985839844,46.95581388313271,43.67128227099822,44.07443392196033,7967756
2016-04-18,49.07832717895508,50.436015217487224,46.1258040662453,46.4044522854577,9800972
2016-04-25,47.726566314697266,49.89056681002156,47.726566314697266,49.2087578151537,8973100
2016-05-02,44.87483215332031,49.048684039348096,44.11595081464064,48.21272584629998,10648857
2016-05-09,43.73649978637695,46.481521025131286,42.83532944775778,45.49141830203198,9993964
2016-05-16,44.3849983215332,46.353538268746725,43.29549544068635,45.66640608849127,9268416
2016-05-23,46.52687454223633,46.929245258061535,43.36359160284982,44.53975942277383,9266793
2016-05-30,44.73784637451172,47.275904375255244,44.316900607240896,46.73114825120936,7968328
2016-06-06,43.76596450805664,45.83974462908793,43.39454282408548,44.83690183177115,6742900
2016-06-13,42.69502639770508,43.462631741908645,41.54361601995856,43.332634405438206,11054384
2016-06-20,42.50312423706055,46.05020706979596,40.85648194035961,44.06309692398796,16030424
2016-06-27,41.964561462402344,42.5774073930813,40.22506723516745,42.24312650647033,14127859
2016-07-04,42.36693572998047,42.65169246511337,39.23460455919525,42.30502819039673,10990881
2016-07-11,46.21735382080078,46.56401339801491,42.602171441592304,42.86835782349101,11173237
2016-07-18,46.73734664916992,47.374954728590055,44.99166051291095,46.36592497136899,7458789
2016-07-25,47.69685363769531,48.78016954372969,46.477348690669686,46.873532415617376,8403254
2016-08-01,48.23541259765625,48.70588253448419,45.64164805339612,48.55731482075838,8904935
2016-08-08,49.29397201538086,50.26586104828548,47.84542601544837,48.59446109099675,7128775
2016-08-15,47.863990783691406,50.067763300595615,47.33780972714638,49.44253867620894,5870526
2016-08-22,47.80828094482422,48.56350292888399,46.79924652825457,47.91351621437977,6142222
2016-08-29,48.637786865234375,49.39920523548288,47.09019277543707,47.486376484594594,6310245
2016-09-05,47.6225700378418,48.941118627194705,47.13352969232748,48.88540750166053,6584500
2016-09-12,45.44974899291992,47.24495935409412,45.325943336100906,46.737348604523234,8869863
2016-09-19,46.793052673339844,47.64113593553335,45.63545531579664,45.839738869321565,6513463
2016-09-26,46.310203552246094,46.50829540477368,44.583087999170104,46.46496295962334,8496387
2016-10-03,47.919708251953125,48.7120757130696,46.310206533317356,46.310206533317356,7834450
2016-10-10,47.566856384277344,48.74922070258744,46.60115904739627,47.93209109686891,7452035
2016-10-17,48.67493438720703,49.31873418492009,46.978772351104816,47.492574793926245,7413603
2016-10-24,49.628257751464844,49.85730343059068,48.49541747914943,48.91017638166199,6024456
2016-10-31,46.71257781982422,49.67157686124503,45.548788804891494,49.52300915618349,8450420
2016-11-07,49.59111404418945,49.6158761206927,45.43737134915454,47.72780911254811,12212287
2016-11-14,50.14204788208008,51.09536639621365,49.33729707630118,50.00585884822067,8390261
2016-11-21,51.2501335144043,51.68345803017151,49.93777184497888,50.241103728898935,7253696
2016-11-28,49.41159439086914,51.10775655065436,48.63160548176012,50.711572757461944,7328050
2016-12-05,54.95196533203125,55.298629597434186,49.02777572580571,49.09587023921261,11333178
2016-12-12,55.7133903503418,56.196238977716874,53.68913924568107,54.78483384450277,9660337
2016-12-19,55.688629150390625,56.239572308000774,54.88388299976855,55.471966906872474,5496844
2016-12-26,54.93959426879883,55.843388717629765,54.171988865647556,55.68862929715427,2867136
2017-01-02,56.02910614013672,56.80290330091632,54.357701439122934,54.6857906796322,5450643
2017-01-09,54.357696533203125,56.2024308760783,53.70770981054105,56.2024308760783,8245945
2017-01-16,53.94913864135742,54.097706372848364,52.73582526793482,53.237244313518644,6956710
2017-01-23,54.11009216308594,55.56482993554212,53.22486798891234,53.55295724177331,6636015
2017-01-30,52.01773452758789,54.13484222033326,51.782501913799265,53.88723093124318,7322103
2017-02-06,52.66153335571289,52.98962255865816,51.052036390144416,51.83821213741615,7389375
2017-02-13,52.63676834106445,53.986270548453945,52.13534937763259,52.79152774685278,6482322
2017-02-20,52.153926849365234,54.22151052513372,51.671078193246025,53.05152963595782,6584420
2017-02-27,53.85626983642578,54.27102388443303,51.98677840982712,52.389149061333924,6230988
2017-03-06,51.71440887451172,53.87484907705192,51.386319656470356,53.66437853071698,9785780
2017-03-13,51.312034606933594,52.21582908274714,50.82299425688492,51.875361181266086,10798698
2017-03-20,51.80107116699219,52.475819944058586,50.2039528833637,51.076798244026655,9286895
2017-03-27,52.933921813964844,53.17534616998643,51.03966299833246,51.4420384993296,7904310
2017-04-03,51.2501335144043,53.28676818427619,50.61252541711126,53.2248653567213,8393360
2017-04-10,51.2748908996582,52.073450053852554,50.767280203528756,51.48536143866873,5862100
2017-04-17,52.57487487792969,52.87201506798137,50.69299960195725,51.274896582580126,8531741
2017-04-24,54.25864791870117,55.07577738187767,53.39199431281527,53.50342127247035,10157750
2017-05-01,55.15625762939453,55.15625762939454,53.62104679201532,54.25865486161995,8429571
2017-05-08,54.00484848022461,56.369572342731274,53.775807550245034,55.50911030394501,11180393
2017-05-15,55.50379943847656,56.611557647455214,53.97097407586279,56.476308784313424,10348585
2017-05-22,54.2994384765625,56.334623263718626,53.867929457376825,55.76786045530859,7497179
2017-05-29,55.34278869628906,56.0319166702847,53.565223067472125,54.13198582911803,7688000
2017-06-05,54.37671661376953,55.36210462443544,53.9323240153621,55.34278406166523,5624951
2017-06-12,53.68758773803711,55.310578859481346,53.35268161042806,54.26078735378443,10240073
2017-06-19,53.842159271240234,54.550607765531566,53.243197244116786,54.1641817607975,6291992
2017-06-26,52.34797286987305,54.39603601211723,52.29644809447335,54.022488760978966,9011875
2017-07-03,52.41238021850586,53.79707794826648,51.84562238864557,51.852064214460285,8042099
2017-07-10,53.93231964111328,54.66653044887107,52.28356623613758,52.650671640016476,8720898
2017-07-17,52.290016174316406,54.292996557705095,51.89714832331904,54.0096151796287,8319475
2017-07-24,50.13890075683594,51.62020617768112,49.636546458157056,51.33038298820797,12130401
2017-07-31,52.3930549621582,53.08862467764727,49.675184525233625,49.939245309579135,11461054
2017-08-07,51.49139404296875,52.74728469869557,51.03412269807557,52.53474867660243,6479974
2017-08-14,51.22733688354492,52.1225589879181,50.724982599211565,51.781215944136356,5203989
2017-08-21,51.06632995605469,51.84562383650292,50.46092606807279,51.16937460360086,5855377
2017-08-28,50.879547119140625,51.1049618514909,49.8490762614875,50.9117513296218,6829308
2017-09-04,53.14659118652344,53.745553232490415,50.38364246323131,50.40939993917378,9040945
2017-09-11,54.634334564208984,54.634334564208984,52.95981866847122,53.44285238341517,9008486
2017-09-18,54.80177688598633,55.21397013281386,54.04824555009412,54.81466053533822,5374394
2017-09-25,55.278377532958984,55.278377532958984,53.990287672684545,54.69229428797114,6708491
2017-10-02,57.35220718383789,57.5454177287896,55.22685679365645,55.38786803795283,6730884
2017-10-09,56.2057991027832,57.51321444337193,55.91598084859888,57.51321444337193,5678393
2017-10-16,55.58108139038086,57.08170239596668,55.43939071458158,56.20580086709207,7306530
2017-10-23,56.17359924316406,56.61154998947873,54.69229394759809,55.57463726531712,7599762
2017-10-30,57.687103271484375,58.28606524346134,56.13495756983465,56.205797990435585,6466125
2017-11-06,55.606834411621094,58.40199183796782,55.25905448900142,57.57761515061091,9617478
2017-11-13,54.6987419128418,55.8451412238518,54.40892362901958,55.677688148432566,5971985
2017-11-20,55.632598876953125,56.59866626487641,54.38959197461159,54.40891744985524,6834043
2017-11-27,53.82283401489258,55.542432779903834,53.37200453429245,55.25905635510067,8486800
2017-12-04,55.0529670715332,55.362105910383534,53.803518237523896,54.55060785947323,8191070
2017-12-11,55.35566329956055,55.83869702787669,54.13841869729772,55.11092797946938,7526132
2017-12-18,56.366817474365234,56.70816545933821,55.65193202926407,55.72277246023839,6506657
2017-12-25,55.922428131103516,56.817650281635494,55.87090335218877,56.36681583664148,2070084
2018-01-01,56.99797821044922,57.152547622988095,54.022488765456025,55.922424320674814,7853915
2018-01-08,57.841678619384766,58.39555770043001,56.63731764033441,57.41661148374149,9219814
2018-01-15,60.978179931640625,61.06190401153067,57.287799971968184,57.95117044004468,11288929
2018-01-22,60.43073654174805,62.79438023916115,59.426023116623945,61.01681486887035,10368472
2018-01-29,58.079986572265625,60.74633285909491,57.57119036012731,60.54023862627583,9705073
2018-02-05,55.800048828125,58.27962066974059,54.79534037297135,57.4166028764517,11839443
2018-02-12,56.75324630737305,57.22983822430954,54.98855949631724,56.540710281317864,9522772
2018-02-19,56.06411361694336,56.97221442115083,55.18177028613116,56.88849034843389,8635290
2018-02-26,54.0804557800293,56.8498461445981,53.60386388807828,56.560027879660886,10678892
2018-03-05,54.82754898071289,55.34922877105584,52.69576160699072,53.165916618146376,11715931
2018-03-12,55.297706604003906,55.51667955538361,53.77775994189362,55.22686125769315,9918971
2018-03-19,54.21570587158203,56.07699544523623,53.56521907484851,55.04008264852149,9725343
2018-03-26,56.77256393432617,57.268476389130505,54.022489216664766,54.711617124011234,10712897
2018-04-02,57.30067825317383,57.57761776983769,55.78717364922281,56.77256160670705,8218044
2018-04-09,58.82062530517578,58.897907552904115,56.50850142506903,57.64202189058949,9665489
2018-04-16,58.6209716796875,58.98807712025078,58.099296820380005,58.917236693317655,7953611
2018-04-23,58.930110931396484,59.09756398856,56.98509741021235,58.575884255410756,7999077
2018-04-30,58.968753814697266,60.45650098456783,58.08641538146317,58.846388615982406,7085802
2018-05-07,59.36806869506836,59.619245853660566,58.20234880961869,58.601653567548134,6804719
2018-05-14,57.043060302734375,60.31480978659248,56.92069019140833,59.41958771052067,10095952
2018-05-21,58.844539642333984,61.38808160604802,57.767910975396276,59.5981822760756,10353281
2018-05-28,57.7880973815918,59.382856975143966,57.12866456431469,59.086782164416014,9023878
2018-06-04,57.62660217285156,59.160798617801674,57.15557874984768,58.20529102612506,6850123
2018-06-11,57.69388961791992,58.66285794045278,56.536511929065725,57.80155504654366,10100387
2018-06-18,54.040077209472656,57.58622895191615,53.27970937635641,57.41800557110343,12016978
2018-06-25,52.23672866821289,53.669995331384726,51.83299353227451,53.64307897115273,11045275
2018-07-02,53.96605682373047,55.399323269050484,51.47635291906164,51.88008799363361,10929325
2018-07-09,53.5757942199707,54.3227065815982,52.64719769807105,54.255413109633025,6454412
2018-07-16,53.34699630737305,54.73988565873979,52.60008410538812,53.52868042881264,7698230
2018-07-23,55.78960037231445,56.846042920741546,52.82213768889445,53.158584425766385,11837177
2018-07-30,55.40605163574219,56.348103618774275,53.30662707593558,55.39259602379715,10425855
2018-08-06,56.240447998046875,57.47856975074687,55.6886754545574,55.83671286711299,8023985
2018-08-13,54.7802619934082,56.536509295535865,54.141010091714726,56.38847703872902,7124849
2018-08-20,54.69952392578125,56.29428368074232,54.3428911224564,54.98213801893253,7738969
2018-08-27,56.12605667114258,57.70062520374626,55.17727424731421,55.24456257939827,8501661
2018-09-03,54.55147933959961,55.88381081393902,54.120827882671186,55.81651735260557,7230162
2018-09-10,55.80306625366211,56.085680332545806,53.95260886028388,54.504381404958565,6719116
2018-09-17,57.71407699584961,58.36678455477259,54.85427943455182,55.37241033821598,11990102
2018-09-24,52.29056167602539,57.46511516577684,51.59075170746021,57.424738058321566,17010022
2018-10-01,52.27037048339844,53.45466455331246,51.974295682477354,52.4453242415582,6933672
2018-10-08,50.12384033203125,52.18962337587261,49.424030406806196,52.014674744894215,10094625
2018-10-15,50.22477722167969,51.40907137929881,49.17506486252335,50.3660842597376,9458453
2018-10-22,50.480472564697266,51.15336612406218,48.30702924286002,50.648695954538496,11732259
2018-10-29,52.31074142456055,53.414286399679696,50.689070691786874,50.79000574773183,11870701
2018-11-05,49.363468170166016,52.566442706518174,48.66365830561521,52.216535207357744,11203252
2018-11-12,49.619171142578125,51.388884543264396,48.58291441351708,49.6662734878186,10938266
2018-11-19,49.45094299316406,50.352622973066474,49.168328948893055,49.80757573480655,7364286
2018-11-26,48.58964157104492,50.816917530222824,48.01768309275767,49.67973094645741,9091704
2018-12-03,48.25318908691406,52.189614775574356,47.869640022557824,51.61092599303411,13101245
2018-12-10,49.975799560546875,50.35262342338169,46.8603044055555,47.77544000508695,11707058
2018-12-17,48.4012336730957,50.51411902756463,47.2573166817663,49.99599324846778,12857135
2018-12-24,47.573577880859375,48.5560071044361,46.510409840569174,48.40123930972248,2860118
2018-12-31,48.25318908691406,48.29356105144536,46.2883414285898,47.57356525927594,4713332
2019-01-07,48.333946228027344,49.64608663229512,47.52647086605674,48.2801135104752,8604977
2019-01-14,49.350013732910156,49.538428251647794,47.230403018261484,47.79563117316228,8013314
2019-01-21,50.029632568359375,50.29879100517454,48.192636119603435,49.4576740987335,6782698
2019-01-28,49.888328552246094,50.211319722653734,48.69057882665656,50.002719226314646,6816139
2019-02-04,46.78628921508789,49.96234769465655,46.43638681669142,49.787393928573046,9549986
2019-02-11,47.62067413330078,47.8831073400906,45.83077996517385,46.84012028717809,10067717
2019-02-18,49.208702087402344,49.625897924894325,47.07563082565072,47.23712383567946,7245586
2019-02-25,50.298797607421875,50.830384178121385,49.060675822833815,49.65282035453625,6958915
2019-03-04,48.555999755859375,50.7361733630953,48.05132960662521,50.68907102118425,7051548
2019-03-11,49.85468673706055,50.58814346559548,48.39450878753841,48.616564918231916,9391529
2019-03-18,46.83339309692383,51.476359920421906,46.550779019661775,49.995996067721975,11942632
2019-03-25,46.261436462402344,46.893958109204064,45.575087227564815,46.42965986772017,8878134
2019-04-01,49.65281677246094,49.8883284934334,46.82666071947991,46.86030745123475,10781826
2019-04-08,50.66215896606445,50.83038236342802,48.64347819770165,48.710766529892936,7772703
2019-04-15,52.31747055053711,52.687564035592345,50.40645544093935,50.55448770119136,7987782
2019-04-22,51.27449035644531,52.613552319109445,50.850569235859076,52.317477491783386,5662746
2019-04-29,50.917850494384766,51.66476269861621,50.59486448560741,51.247572009464626,4858955
2019-05-06,46.34217834472656,49.80757584882317,46.1874105770219,49.13468233210226,14355414
2019-05-13,44.51864242553711,47.97731507108125,43.785185742103224,46.295081094308,15750402
2019-05-20,44.96315002441406,47.1025632830218,44.46017277123681,46.93963068173898,9987796
2019-05-27,43.935951232910156,46.032864197555625,43.50381713309338,45.728245166615665,7281897
2019-06-03,44.148475646972656,45.13317324812328,43.31254472605515,43.70925857573546,9087433
2019-06-10,44.24765396118164,45.111922175032944,43.815519854255996,44.14847617317747,5468059
2019-06-17,45.65031433105469,46.06827704456278,43.68091663631725,44.36808080374366,10550024
2019-06-24,46.110782623291016,46.486247543787464,44.46726085751715,45.4094524825298,10011968
2019-07-01,47.49928283691406,47.79681618381518,45.84867268111195,47.123817912738346,8585312
2019-07-08,46.67751693725586,47.75431198703155,45.50862977859532,47.187577181382906,8064858
2019-07-15,47.15924072265625,47.69763825692892,46.58542564040297,46.875873314892544,6983701
2019-07-22,48.64691162109375,49.98581704884615,47.088399025177985,47.22299975652127,9709652
2019-07-29,45.7990837097168,48.55482080905686,45.12608814221101,48.41313440260188,9402451
2019-08-05,43.234619140625,45.3598667240458,42.94416874565317,44.84272346970045,9233390
2019-08-12,42.1932487487793,43.95011972207918,41.11645633887447,43.39755352472771,8796536
2019-08-19,41.584007263183594,43.36212970060465,41.52024973421836,42.66788255320084,7371769
2019-08-26,43.078765869140625,43.362130568352,41.44940736350997,41.66193426590828,6975375
2019-09-02,44.148475646972656,44.70812481820238,42.51203405723238,42.85915901350165,6439585
2019-09-09,46.08953094482422,46.4862474743292,44.03512671388261,44.09180127592385,8785573
2019-09-16,46.15329360961914,46.46499290769851,45.01274366117892,45.6007301125679,7794750
2019-09-23,45.260684967041016,45.96201509473195,44.31140768825779,45.954934828185955,6105679
2019-09-30,44.19806671142578,46.55709290982233,43.64550318490788,45.18276436094549,6760084
2019-10-07,45.89117431640625,46.02577504693148,43.4754765645483,43.95011655224627,6916885
2019-10-14,47.754310607910156,48.68941922687637,45.31027290951463,45.83449907649085,9422015
2019-10-21,49.185306549072266,49.69536676224138,47.78972663381327,47.78972663381327,6981646
2019-10-28,49.19239807128906,49.97165442086127,48.14394024119964,49.30574179615107,7053703
2019-11-04,53.15951919555664,53.492475466999494,49.86538483576909,50.22667838614149,11854064
2019-11-11,52.812400817871094,53.754589737900446,51.523084259363,52.82656675597175,7272133
2019-11-18,52.472354888916016,53.09575880916533,51.31055348017034,52.98241509856696,6264473
2019-11-25,51.92688751220703,53.131192377517,51.700194640921005,52.776984428333556,4871052
2019-12-02,52.27400588989258,52.37318367588341,50.51713221488466,51.99063847072563,6467323
2019-12-09,53.74750900268555,54.59052013431003,50.94218306702899,52.238579880893916,7923267
2019-12-16,52.52903366088867,54.00962011705853,52.0968995821977,53.797098615842735,9272925
2019-12-23,52.075653076171875,52.50070152504361,51.82770859806205,52.39443806162961,1704120
2019-12-30,51.9410514831543,52.869074545305615,51.23972128369583,51.86312530490511,2852846
2020-01-06,52.82656478881836,53.379128235490676,51.034273720330745,51.593922838181385,5776392
2020-01-13,50.340023040771484,52.99658218640381,49.99290082574822,52.91865601908259,7314289
2020-01-20,49.171146392822266,51.44516060656296,49.142809110449875,50.24085042726419,6235950
2020-01-27,45.57947540283203,48.73901500310798,45.487383283592806,48.526488075898364,9462330
2020-02-03,45.82741928100586,47.66221358666832,45.267770157154885,45.57946943015757,9830794
2020-02-10,46.65626907348633,47.577211855403526,45.04108177393784,45.714074680488345,9735828
2020-02-17,45.69990539550781,47.57012270066851,45.395286381155984,47.03172517197567,7784148
2020-02-24,41.7469482421875,44.701041180036796,40.49305180376481,44.630200672624404,18521304
2020-03-02,40.535552978515625,42.2215806383637,39.7208737268002,42.0798996401452,15408470
2020-03-09,32.176246643066406,38.509486078134906,30.674405796185862,38.25445593948892,25977751
2020-03-16,29.30716323852539,30.49730209411554,25.924479143812267,30.050999347671226,26429888
2020-03-23,32.24354553222656,34.552982612843316,27.274009000053972,27.94700456780641,17784370
2020-03-30,31.70160675048828,33.86227437959627,30.894013178500984,32.48086304216926,14157271
2020-04-06,36.00168991088867,36.780946191989976,32.96612838587655,33.6497497252322,10258163
2020-04-13,36.77386474609375,37.567289700013355,34.361709767504976,36.001691401799526,10620227
2020-04-20,34.47151184082031,37.36893249702668,34.340453948301466,37.13515399184037,8908424
2020-04-27,38.28987121582031,40.563885152588014,34.963859445039915,35.45620818112661,9423132
2020-05-04,36.4267463684082,38.282798078497834,34.744258509487615,37.05015315280443,12555822
2020-05-11,33.04759979248047,37.21308295766415,32.0912367935414,36.85887504007011,14139772
2020-05-18,37.467002868652344,38.38721841762288,35.577940649114,35.634051944989814,9439547
2020-05-25,39.352325439453125,41.753866930217086,36.71886427097262,37.97574203805043,14600719
2020-06-01,44.51451110839844,45.135471204675326,39.3523229643362,39.3523229643362,12803367
2020-06-08,42.00823211669922,46.250201710814665,40.930904331065456,44.31251115630857,13400528
2020-06-15,42.5917854309082,43.54192747735586,40.2875033931096,40.482022190554595,12228597
2020-06-22,41.723941802978516,44.58932844505043,41.40224003569944,42.05312374566291,9101479
2020-06-29,42.83866882324219,44.05066259180421,41.40223556945795,41.55186474687861,8448760
2020-07-06,43.90851593017578,44.64917882823347,42.50948918266607,44.10303472737609,7145324
2020-07-13,44.686580657958984,45.404797246752345,42.898519360177175,44.58932126970394,6769664
2020-07-20,45.05317687988281,46.68412901134038,43.848666072766605,44.581845943633134,8329277
2020-07-27,40.92342758178711,45.32998992396458,40.90846437751877,44.96339855423875,8084653
2020-08-03,41.07305908203125,43.497041231130666,40.62417149053686,40.92342988486645,11191601
2020-08-10,43.556888580322266,44.686583311831605,40.571796603332125,41.44712544173404,8330904
2020-08-17,42.502010345458984,43.90103713700436,41.970826577876586,43.579335377149725,5618470
2020-08-24,44.59680938720703,45.621764606136054,42.8237110894225,42.94341386788181,7251281
2020-08-31,45.9210205078125,46.39234856728854,44.619250364931084,44.73895313694806,8467194
2020-09-07,48.11308288574219,48.27767528767798,46.18287509350962,46.302577880206684,6798586
2020-09-14,47.686641693115234,48.62930072842522,47.409826695670915,48.472191364863455,7591760
2020-09-21,44.18532943725586,47.432270379362905,43.975847443161086,47.27515817030701,8293897
2020-09-28,46.654197692871094,47.215304939939415,44.761396826021105,44.866136388843614,6828837
2020-10-05,48.40485382080078,49.6841834795571,47.17790250987915,47.32004866421913,6908999
2020-10-12,47.2227897644043,48.9659616329061,45.62924708064316,48.42730341729404,6599373
2020-10-19,47.82878875732422,48.60685826864493,46.42976195515639,47.282644635129714,6272888
2020-10-26,43.90103530883789,47.97093541139933,42.83119049693128,47.0282735507281,10040964
2020-11-02,47.56693649291992,48.49463227679252,43.489556299286704,44.14043995373885,8967801
2020-11-09,52.923641204833984,53.200456206194616,48.29263930515093,48.41982226204141,13129112
2020-11-16,55.47480773925781,55.7216963131572,53.23037861190722,53.305191774576556,8178527
2020-11-23,54.68177795410156,57.83894283682709,54.315189423151814,55.28777776324758,7767828
2020-11-30,56.07331848144531,56.11072791654103,54.0533345596012,54.247853347917825,6642571
2020-12-07,52.75157165527344,55.7441440595887,52.33260763731165,55.73666103037183,7682692
2020-12-14,55.504737854003906,56.95613157196315,52.9311237895188,53.11815956262664,10220990
2020-12-21,54.89873504638672,55.10821989535657,52.168017475602255,54.120665588134244,3617492
2020-12-28,54.03837585449219,56.46235777603425,54.03837585449219,56.148139060031845,2231337
2021-01-04,52.73660659790039,55.00347932393898,52.10068609148795,54.63689079565776,8757309
2021-01-11,51.92861557006836,52.78897557306115,51.255285635130555,52.2952040926927,7839680
2021-01-18,53.30519485473633,53.95608139411473,51.03083918932213,51.330097565170085,6961379
2021-01-25,52.377498626708984,54.7715541994525,51.143061403187374,53.716675424795696,9658696
2021-02-01,52.40742111206055,54.65185018396244,52.033349600076896,52.97600570060332,9182786
2021-02-08,52.55705642700195,53.2752731679628,51.84632271576716,52.64683566007679,5739640
2021-02-15,53.55208206176758,54.030893167624036,52.497197598382236,52.856308781713885,5588834
2021-02-22,53.492225646972656,54.19548190857277,51.52461156961948,52.9535617621622,7419621
2021-03-01,56.61198043823242,57.44990266784191,53.53711219738932,53.94111010945756,7928360
2021-03-08,57.96612548828125,61.03351082327939,56.94116746444351,57.26286920127737,10224489
2021-03-15,61.71431350708008,66.42013358846438,58.183077689019626,58.24293049797476,16329356
2021-03-22,62.6869010925293,63.7791891603596,60.76417385876671,61.74423933781844,8348242
2021-03-29,66.33784484863281,67.36280291248433,62.81409166316834,63.21808960714167,6808908
2021-04-05,65.83659362792969,67.84161738945906,65.25304291585185,66.33784814134229,4471187
2021-04-12,66.12088012695312,66.99621182579946,65.0211146476716,66.73435719428255,6249839
2021-04-19,64.57222747802734,66.70443982463345,62.70186977600705,66.56977384177284,6533109
2021-04-26,62.395137786865234,64.93134252480962,62.14824918564398,64.60215772318128,4995708
2021-05-03,62.57468032836914,63.71933820995619,60.88387554300283,62.701863269017004,6508758
2021-05-10,62.604618072509766,63.76424222060529,59.67189833880083,63.158242396921956,5964652
2021-05-17,65.28489685058594,66.04259797727028,63.371506038308574,64.159822118694,6209807
2021-05-24,66.7467269897461,67.32074425574585,65.24662923530475,65.2848993887203,4660132
2021-05-31,72.2496337890625,72.93845560689395,66.06555366329451,66.18801347055566,6449185
2021-06-07,72.50985717773438,73.7726962919653,70.95618475978215,72.53281693339586,5744263
2021-06-14,69.6091537475586,72.90018820152473,69.32597565121618,72.51751004823589,6949121
2021-06-21,70.71891784667969,71.70622809841998,68.39988937038014,68.70602719546154,4479018
2021-06-28,68.9509506225586,70.65769784869205,67.92537591855069,70.45870356313621,5399787
2021-07-05,67.1064453125,68.94330172885202,63.876640566262104,68.74430744195244,6184920
2021-07-12,65.4379653930664,68.49173547643201,65.3614309288688,67.05286769621885,4769689
2021-07-19,65.47623443603516,65.82064243869507,62.60614828318508,65.28489535917849,5529127
2021-07-26,64.19808197021484,65.50684049416073,63.78478888277852,65.0552830966611,4246049
2021-08-02,62.85105514526367,65.82063518888093,61.42749210311197,64.91751461202345,7962724
2021-08-09,63.59345626831055,64.21339888197929,62.123973478883826,62.78218040649892,3909151
2021-08-16,58.91712951660156,63.195468356231736,57.71552038010817,62.8969798715694,6724696
2021-08-23,59.91209030151367,60.45549257446015,58.603331727650136,59.88147534877237,5649327
2021-08-30,60.76929473876953,62.42246140154143,59.529415362286485,60.157007329324834,6551714
2021-09-06,60.57795333862305,61.97855679274907,59.521757889646906,60.85348207842506,5120624
2021-09-13,61.504032135009766,64.1138940561573,61.1443137432469,61.22850340256183,8950358
2021-09-20,62.44541931152344,63.07301709921423,58.58802859935267,60.118741238508,7018744
2021-09-27,64.15982055664062,64.9787515707892,62.10866542224908,63.00413089918435,8461503
2021-10-04,64.81037902832031,64.96344796990475,61.71833852682678,64.04502264198644,6252059
2021-10-11,67.01459503173828,67.16001459570481,64.40473311346564,64.55780203612137,6057222
2021-10-18,65.58338928222656,67.20594105122667,63.72357306761919,66.93806748928851,5541642
2021-10-25,66.76969146728516,68.12437558078712,65.40735799392368,65.49920286509185,5757965
2021-11-01,70.2979736328125,70.65769202115507,66.83856579271102,66.93806000768033,6438857
2021-11-08,71.19343566894531,71.28528052088254,68.92798187400315,70.20613124684272,4550550
2021-11-15,71.33120727539062,73.0456096505284,70.688310764118,71.10160388102413,5852990
2021-11-22,65.44561004638672,72.8619076253308,65.44561004638672,71.4230400769538,7217229
2021-11-29,66.96868133544922,68.58358371821764,63.81541103788319,65.82064679827009,8204987
2021-12-06,68.6218490600586,70.3132857921947,66.44823411902587,67.37431454670917,4903800
2021-12-13,66.52477264404297,70.3209394452417,65.88952547114577,68.72900267256232,7097443
2021-12-20,68.24681854248047,68.46877256586903,63.80010039449588,64.56545667961295,3792798
2021-12-27,67.72637176513672,69.41015898976079,67.44319369458796,67.90240626886555,1856543
2022-01-03,73.16806030273438,74.48447405844433,67.91771567568011,68.04783068303664,6657181
2022-01-10,76.01518249511719,76.85707320204017,73.80330340037378,75.37993540638617,6727683
2022-01-17,73.137451171875,76.58155475791406,71.9205373742932,76.44379038090428,5421424
2022-01-24,70.71891784667969,73.78034281113158,69.02748125452459,72.70884290573247,7892515
2022-01-31,68.6218490600586,72.57108455464845,68.16263060602274,71.46896960769072,6146845
2022-02-07,72.93846130371094,73.26756476242346,68.43816230185544,69.10402441763347,7934681
2022-02-14,72.99967956542969,74.698771433881,69.48669705839251,70.73422568722961,8365206
2022-02-21,67.36665344238281,74.18598031999827,64.38941814622389,73.94106655761414,12153272
2022-02-28,55.94754409790039,66.968675933685,55.480676289969146,65.0859001452826,13988815
2022-03-07,55.42710494995117,58.733444117624,51.72278305323122,53.31472564783068,18299360
2022-03-14,58.09054946899414,60.76929675560857,54.87604922153341,57.12619881083535,15249039
2022-03-21,59.613609313964844,61.84079923275499,57.96809189205552,58.350770090676015,8406117
2022-03-28,60.4631462097168,63.88428972066598,59.72840488053117,59.77432438885371,7102949
2022-04-04,58.93243408203125,61.703025942287326,57.28691689761404,60.92235925981727,6734587
2022-04-11,58.35076141357422,59.05489363212383,56.850663798759925,58.243612001030705,5091930
2022-04-18,60.61621856689453,61.3739255324046,58.082891001254275,58.35076454699782,2578303
2022-04-25,60.08812713623047,60.5243800110015,58.31250068322491,58.70282820751108,5903772
2022-05-02,59.72075653076172,63.524578618452836,56.91190005831902,59.4988024830769,7163810
2022-05-09,57.99870300292969,63.317933114575965,56.8353639255115,60.61622030652475,10446610
2022-05-16,63.773380279541016,65.55195665625743,62.2336008808539,63.756914771822004,7094943
2022-05-23,66.07894134521484,66.22715604437785,63.45224995310549,64.76148084273657,3105385
2022-05-30,67.7916488647461,68.49154922684535,66.01307232458316,66.07894692580722,3416482
2022-06-06,66.31773376464844,69.20791733228982,66.0295402538346,68.84561332889677,5819487
2022-06-13,63.89689636230469,65.78251432681832,62.86762932592043,64.86852469593731,9864701
2022-06-20,61.70662307739258,66.30950252480015,59.7551303977644,64.22626692332815,6725561
2022-06-27,60.7349967956543,64.01217983196103,58.108305059676546,62.25831089738369,7786279
2022-07-04,62.61238098144531,63.1476011640708,58.64352704155591,61.31962167253513,8126658
2022-07-11,61.85483932495117,61.994818146053206,58.750566161994435,61.05612703184854,5962148
2022-07-18,63.485191345214844,65.36257346759066,61.6489824183191,62.003050540145956,5554812
2022-07-25,65.4449234008789,65.71664514645303,62.11833131118315,63.39461877222826,5413278
2022-08-01,63.08171844482422,66.80354527340852,62.134791517678245,65.81545143421549,8836295
2022-08-08,64.67914581298828,64.94263793415357,63.114658595129775,63.47695633538973,4680817
2022-08-15,62.4229850769043,65.56019526885687,62.32417946220015,64.89322595886676,5181854
2022-08-22,60.2080078125,62.27477153241759,59.85393969487249,62.06891812175386,6372670
2022-08-29,61.84659957885742,62.09362618601662,59.33518544061334,59.80453096849776,6087102
2022-09-05,60.529144287109375,61.558411436614676,59.31872511414743,59.57398135693735,6787495
2022-09-12,61.25373840332031,63.172293636680635,59.90334057539522,61.105523701126224,7305306
2022-09-19,58.7752685546875,63.271106672457414,58.56118551251851,61.37725890241592,5602215
2022-09-26,57.63071823120117,60.65265102912292,56.35443087340272,58.363555859666384,8154493
2022-10-03,59.03875732421875,60.117433498262905,56.49441211236136,57.30135398683195,5366277
2022-10-10,61.77248764038086,62.62060895466358,57.88598059121353,58.1330009104529,6300798
2022-10-17,63.756919860839844,64.93440164436987,61.59134419947452,61.84660042344998,5864994
2022-10-24,65.51078033447266,65.7742724204206,62.36534081002975,64.21802130620507,5351455
2022-10-31,65.70841217041016,66.79531794353487,61.8054269232439,65.48608696559621,6626382
2022-11-07,69.36436462402344,69.43847511978191,65.22259493939244,65.48608705803255,7023872
2022-11-14,69.29025268554688,70.68181733721885,66.9929280875153,69.79253546229286,6200353
2022-11-21,69.1338119506836,69.84194821940484,68.17865534678032,69.09264503589385,4020372
2022-11-28,70.2042465209961,71.39819374898742,68.37626729193006,68.56564890523485,6727430
2022-12-05,69.61138916015625,70.86297511587858,67.84928449133605,70.24541489225989,5917242
2022-12-12,68.03044128417969,71.01943071532082,67.65167174088906,69.42200614749468,7771096
2022-12-19,68.75503540039062,69.62785180356956,68.09630200944417,68.31862719880115,4150111
2022-12-26,68.6562271118164,69.45493934857656,68.29392938170633,68.75503901029053,1999597
2023-01-02,73.72022247314453,73.86843718021164,68.83737931751094,68.83737931751094,4611083
2023-01-09,75.53997039794922,76.87390284149609,73.67905997587327,73.97548312562465,6777816
2023-01-16,74.08252716064453,76.21516550058489,73.5473070312454,75.74581997095898,5186623
2023-01-23,76.04225158691406,76.21516770470876,74.12369621753113,74.36248693700412,3334228
2023-01-30,80.34870910644531,81.09801229509677,75.03768705460065,75.31765097497167,8237378
2023-02-06,80.5051498413086,81.92142232524304,79.22886245238448,79.96170009872188,5167612
2023-02-13,82.13551330566406,82.31666531759713,80.20049244411555,80.94156600104733,5060558
2023-02-20,80.02757263183594,82.7695352426262,80.02757263183594,82.27548832153815,5033499
2023-02-27,83.56002807617188,84.0046659620369,79.87936769829699,80.97450318465461,5423097
2023-03-06,80.96626281738281,85.38798993921584,79.04770757376258,83.51060788948256,6261067
2023-03-13,78.10078430175781,80.76041318454217,76.19870075970545,80.5627893832307,11707872
2023-03-20,80.4969253540039,81.55089388856565,76.05872599797239,78.10078846314879,5215958
2023-03-27,83.1153793334961,83.36239966958644,80.38987576561989,81.41914287136598,4518086
2023-04-03,81.2050552368164,84.71279281136374,80.47221760160717,83.16477743357913,4129507
2023-04-10,85.37152862548828,85.78323545599659,81.20505751103148,81.20505751103148,3880676
2023-04-17,82.83541107177734,86.03026002111362,81.46854769371451,85.68442151727945,6037148
2023-04-24,83.52709197998047,84.44931135023813,80.85922693335375,82.88483026650866,4585788
2023-05-01,88.5499038696289,88.79692419309407,82.27548965211217,83.52708190673347,3855125
2023-05-08,81.85555267333984,90.44375087678054,81.72380347598303,88.54990328088253,7426089
2023-05-15,92.3673324584961,92.92128874927003,88.18587419211234,89.24017370251104,5060247
2023-05-22,93.33228302001953,93.49310859510662,91.09859826417951,92.4030693435903,4490888
2023-05-29,94.85118865966797,95.1013602508832,90.34807956779999,93.70753638792539,6099990
2023-06-05,96.56665802001953,97.31717280281856,94.19001424115989,94.69036424635726,3761295
2023-06-12,99.81890869140625,101.37355142313822,96.90618176682155,96.9419215420719,6799510
2023-06-19,97.04913330078125,99.9439867036929,96.0663065996917,99.56872931782121,3488020
2023-06-26,100.53368377685547,101.01616051788356,96.01270786462706,97.56735059682971,4637070
2023-07-03,95.72679138183594,101.0697682072322,95.63744535677318,100.87320286209527,4270517
2023-07-10,95.38727569580078,97.22782975277353,93.95771881578968,95.58384104492698,3911936
2023-07-17,96.11992645263672,97.17422595642093,94.7975820447837,95.06562694885251,3515199
2023-07-24,99.42578125,99.67595286831437,94.54741424287369,95.90549166372257,4157661
2023-07-31,92.99276733398438,99.85464731995347,91.11647346321124,99.4793830924668,7029601
2023-08-07,89.33844757080078,93.60032161532615,89.21336177822889,92.83193356571915,4200367
2023-08-14,87.7838134765625,90.16938722969694,87.1226446781279,89.16870079242622,3443613
2023-08-21,86.22917175292969,89.90135018718553,85.8717808140324,87.89103382463664,4079965
2023-08-28,84.16524505615234,87.60512528617099,83.78998762560445,87.02436584365711,7612054
2023-09-04,85.43397521972656,86.64016359947803,83.6470274521941,84.52262804095274,4414958
2023-09-11,87.12264251708984,89.34739063524117,84.93362735652747,85.92538393791185,6865492
2023-09-18,88.69515228271484,89.72264864528583,85.99686406665725,86.9975573025232,4073998
2023-09-25,86.1130142211914,88.36457232386812,85.14806756528074,87.9535751374003,4518429
2023-10-02,85.51438903808594,87.03329880936539,83.68277157124689,86.68483770526916,3994000
2023-10-09,87.34601593017578,88.86491893015211,83.72744367827323,85.00511170923319,3974253
2023-10-16,83.59341430664062,88.53432378863879,83.20922026430934,87.63192007486685,4292032
2023-10-23,79.0634994506836,83.7631738325125,77.8841142357884,83.62915139104757,5420064
2023-10-30,83.04839324951172,84.56730291411515,77.55353441824427,79.26006596034034,5854907
2023-11-06,81.46694946289062,84.46902227493968,80.79684404621298,84.34393647582637,4147623
2023-11-13,85.0587158203125,86.29171421233566,81.25252176812099,81.592039409162,4919860
2023-11-20,84.0312271118164,85.59480651292233,83.04840032064621,85.26421869983189,3850346
2023-11-27,85.9432601928711,86.61336564571083,82.46764712280891,84.2724614764579,5970756
2023-12-04,90.16938781738281,90.74121059002587,84.63878879916342,85.73775792106657,5228246
2023-12-11,92.08141326904297,93.9398405225156,89.07041074185997,90.15151328787105,7337622
2023-12-18,89.9192123413086,91.63468058549934,87.68552760147747,91.49172830681587,3516493
2023-12-25,90.04430389404297,90.50891416694259,89.4367413333271,89.91921808595428,1234860
2024-01-01,89.93708801269531,92.06355348719637,88.3109589351377,90.04430052037425,3585068
2024-01-08,86.53294372558594,91.02711624149947,86.13088320713037,89.34738780476911,4115040
2024-01-15,82.46764373779297,86.83673056563866,82.30681816304616,86.56868566883902,5203815
2024-01-22,84.67451477050781,84.89788323565986,82.61059233383551,83.04839261686745,5504478
2024-01-29,87.54257202148438,88.35562969145604,83.52193964141004,84.35287060595866,4351440
2024-02-05,91.13433837890625,92.26011740872363,85.8271011978607,87.89103055530337,4607881
2024-02-12,93.01062774658203,93.31441240457491,89.57969138570809,91.49172490661141,3518772
2024-02-19,95.35153198242188,95.92335471080237,90.5267717471298,93.02850129629299,4085684
2024-02-26,98.10343933105469,99.13986553557912,94.90480105531272,95.60170962358458,4786090
2024-03-04,95.72679138183594,98.26426075693992,94.76183795116268,97.78178404160329,4084793
2024-03-11,94.42232513427734,98.65738965108457,93.70754326407148,95.26219280926946,7704699
2024-03-18,93.02850341796875,95.95909667192224,91.88485111846015,94.79757789403504,5142271
2024-03-25,95.56597137451172,95.76253673109393,93.27868027973359,93.27868027973359,3424832
2024-04-01,100.51581573486328,102.97286900838216,94.52954321331966,95.78040124468815,5847078
2024-04-08,97.83539581298828,103.0622169656916,97.0759443321109,101.14124664347342,5208122
2024-04-15,94.57421112060547,99.84570850335496,93.45736874361044,98.1927831487353,4693700
2024-04-22,95.06562805175781,95.86975595662828,93.18933415150352,95.24432011210007,4023889
2024-04-29,91.58106994628906,96.31648409456787,90.28553558590981,95.60170228539444,4403627
2024-05-06,90.77694702148438,93.09997780185735,88.06078554315147,91.93846582000332,5624588
2024-05-13,85.7913589477539,93.5020428938744,85.73775269629319,91.26835819414813,6716007
2024-05-20,88.08634185791016,91.40713255872645,87.25140280194036,91.40713255872645,5174678
2024-05-27,88.408935546875,89.3008073539582,86.64417193301841,88.33303002313406,5333484
2024-06-03,86.51134490966797,89.60442637786007,85.58152029746623,88.92129110991584,4196298
2024-06-10,82.45049285888672,86.68212825828822,82.20380351596212,85.9610402306045,5634667
2024-06-17,82.79206085205078,84.57579730857377,82.10892558481872,82.81103361447411,7154471
2024-06-24,83.85470581054688,85.99898981319754,82.96284123853667,83.49416542941502,5594253
2024-07-01,83.20952606201172,85.50562118805853,82.64024909043998,85.16405355736559,4213701
2024-07-08,87.46013641357422,87.64989298026603,82.46946053109022,83.09567023092143,5963943
2024-07-15,84.89839172363281,87.08062132806688,83.66495224900744,87.00471580128236,4760410
2024-07-22,83.07669067382812,86.87187993788605,82.33662992553668,85.60049500902619,4355677
2024-07-29,77.85830688476562,83.64597641116723,77.19415164669455,83.4182598391864,5868580
2024-08-05,75.61914825439453,77.30801367053778,73.98722284212334,75.73300654589,5126687
2024-08-12,77.55469512939453,78.01012105282204,74.70830301453358,75.90378972962503,3732951
2024-08-19,80.13542175292969,80.19234727642215,77.64957013835415,77.72547566217688,3215489
2024-08-26,79.52819061279297,81.6534945704487,79.07276471677793,79.92668374758797,4091861
2024-09-02,74.1959457397461,79.7369257191108,73.96823641528557,79.7369257191108,4393379
2024-09-09,69.5658187866211,74.61342020854454,65.06852154422573,74.29083259632058,13602622
2024-09-16,69.86943817138672,73.49384385721505,68.74985697844762,69.3570867198299,5265912
2024-09-23,76.98541259765625,77.1182436409959,69.41401417230077,70.04021662822352,8400959
2024-09-30,73.77848052978516,76.511014164685,71.95678420110296,76.37818312096583,4870270
2024-10-07,71.89986419677734,74.32878316975123,71.19775616341761,74.27185764343137,4005946
2024-10-14,71.25467681884766,72.677872789552,70.22997398264076,72.46913622231551,4056638
2024-10-21,72.10859680175781,74.51854287930855,70.64744805054598,71.08389395201199,3781243
2024-10-28,68.61702728271484,73.05739937865586,68.52214899101197,72.7727572647976,4217033
2024-11-04,64.1197280883789,70.3628165286989,63.41761282173234,69.26220810341476,10057454
2024-11-11,64.44231414794922,65.22032768386899,61.918516966062896,64.65105072273855,6666545
2024-11-18,64.32846069335938,65.998338751729,63.11399405261461,64.6130955439058,5552332
2024-11-25,66.43478393554688,66.567622217545,64.0248451573124,65.08749350330582,6762228
2024-12-02,73.28510284423828,73.36100836700786,65.50496772908382,65.86550810411569,7909716
2024-12-09,76.05559539794922,77.64956792019767,74.06311526764074,74.10106802846794,6420540
2024-12-16,73.60769653320312,75.97968979164291,72.22245333892417,75.48631114018802,6861050
2024-12-23,74.32878112792969,74.44263941619121,72.35528813597529,73.64565311460855,1601156
2024-12-30,72.50708770751953,74.99293923188613,72.20347286199565,73.93028365317811,2532138
2025-01-06,72.4691390991211,77.51674071937705,70.704375446292,73.66462578881968,6320286
2025-01-13,73.15227508544922,74.02516692027055,71.42546417797685,72.41221430206812,4839614
2025-01-20,73.41793823242188,76.16945206620535,72.54504638518696,73.28510717909262,3121026
2025-01-27,74.57546997070312,77.59264582145768,74.27185510944005,75.16372693135314,6185899
2025-02-03,72.4691390991211,74.5564976155987,69.71763257086545,70.81823373441783,4942055
2025-02-10,78.71222686767578,79.09174725340213,71.61522678121486,72.46913860066256,6536946
2025-02-17,78.3516845703125,80.15440092945398,76.75770478016358,78.73120494677636,5985309
2025-02-24,79.60409545898438,82.48844013924514,77.74445360699039,80.34415619981628,8016708
2025-03-03,79.33843994140625,83.0387439519885,75.01191894336075,79.1107233571015,9220177
2025-03-10,77.8962631225586,83.74085843337151,74.63240507143857,80.91343906781601,8273022
2025-03-17,75.10680389404297,81.95711488055224,73.94926993503809,77.8962632621577,7617281
2025-03-24,72.05167388916016,77.72547805254118,71.5203424448097,75.10680254886503,5396038
2025-03-31,64.51821899414062,71.71010455461082,63.5124961321023,71.40648969595307,9661625
2025-04-07,62.96219253540039,68.74985490521281,59.73628010736992,61.48207099025965,14048733
2025-04-14,66.66250610351562,67.97184388506648,63.98689777512941,64.48026922884797,3596206
2025-04-21,72.41221618652344,72.43118894918747,66.20708041544268,66.66250634562502,4955850
2025-04-28,70.989013671875,73.53179072454469,69.64172324364115,72.81070274994462,4533979
2025-05-05,75.60017395019531,76.15047815641051,69.77455873767425,71.31161306714618,6381064
2025-05-12,72.98149108886719,80.36313338084382,72.73480898752176,77.13722815248597,5787642
2025-05-19,75.26000213623047,79.5199966430664,74.0199966430664,76.69999694824219,5456166
2025-05-26,78.0999984741211,80.62000274658203,75.9000015258789,76.68000030517578,5214717
2025-06-02,76.68000030517578,78.4000015258789,75.69999694824219,77.0,3219884
2025-06-09,75.30000305175781,78.76000213623047,74.73999786376953,76.68000030517578,3706289
2025-06-16,72.0,75.54000091552734,71.41999816894531,75.37999725341797,5412167
2025-06-23,76.83999633789062,77.0999984741211,70.94000244140625,71.5,4409653
2025-06-30,77.83999633789062,79.87999725341797,74.05999755859375,77.4000015258789,6574124
2025-07-07,85.58000183105469,86.16000366210938,77.44000244140625,77.5,6987603
2025-07-14,83.5199966430664,86.0999984741211,83.08000183105469,83.45999908447266,4089231
2025-07-21,89.0199966430664,89.0199966430664,83.13999938964844,83.5199966430664,3471262
2025-07-28,82.0999984741211,90.9000015258789,81.76000213623047,90.16000366210938,6563504
2025-08-04,87.44000244140625,87.9800033569336,81.5999984741211,82.04000091552734,4724225
2025-08-11,90.13999938964844,90.91999816894531,86.19999694824219,87.9000015258789,3977210
2025-08-18,91.41999816894531,91.72000122070312,88.62000274658203,89.66000366210938,3465886
2025-08-25,89.45999908447266,91.62000274658203,88.95999908447266,91.37999725341797,3500404
2025-09-01,88.44000244140625,90.69999694824219,88.22000122070312,89.9000015258789,2720245
2025-09-08,83.81999969482422,89.16000366210938,82.55999755859375,88.80000305175781,6872965
2025-09-15,83.26000213623047,84.44000244140625,82.22000122070312,84.26000213623047,5579131
2025-09-22,85.73999786376953,86.76000213623047,82.33999633789062,83.26000213623047,3508236
2025-09-29,86.41999816894531,87.44000244140625,84.72000122070312,85.91999816894531,2354294
2025-10-06,78.4800033569336,89.95999908447266,78.0199966430664,86.81999969482422,13291467
2025-10-13,80.22000122070312,80.54000091552734,78.13999938964844,79.0999984741211,4123850
2025-10-20,81.16000366210938,81.77999877929688,79.27999877929688,80.41999816894531,4966356
2025-10-27,80.72000122070312,83.31999969482422,80.69999694824219,81.4000015258789,3879822
2025-11-03,84.30000305175781,86.41999816894531,78.87999725341797,80.63999938964844,4610686
2025-11-10,88.73999786376953,89.81999969482422,85.66000366210938,86.69999694824219,3061530
2025-11-17,85.08000183105469,89.0,83.58000183105469,88.5199966430664,3155509
2025-11-24,88.04000091552734,88.5199966430664,85.76000213623047,86.80000305175781,3426058
2025-12-01,96.45999908447266,97.04000091552734,87.58000183105469,88.0,6299268
2025-12-08,96.13999938964844,97.91999816894531,93.66000366210938,95.94000244140625,4291566
2025-12-15,93.62000274658203,96.13999938964844,93.0,96.13999938964844,3783486
2025-12-22,92.66000366210938,94.04000091552734,92.13999938964844,94.0,701590
2025-12-29,96.31999969482422,96.31999969482422,92.33999633789062,92.68000030517578,1449552
2026-01-05,92.0199966430664,97.30000305175781,89.77999877929688,96.30000305175781,4297330
2026-01-12,88.72000122070312,91.9800033569336,88.19999694824219,91.73999786376953,5235876
2026-01-19,87.62000274658203,90.18000030517578,82.4800033569336,84.31999969482422,5255141
2026-01-26,87.41999816894531,88.58000183105469,85.69999694824219,87.5999984741211,4591149
2026-02-02,88.44000244140625,91.23999786376953,86.55999755859375,86.55999755859375,4634487
2026-02-09,88.9000015258789,89.94000244140625,86.94000244140625,88.45999908447266,4262028
2026-02-16,90.31999969482422,91.91999816894531,88.5999984741211,88.9000015258789,3722068
2026-02-23,89.45999908447266,90.12000274658203,87.68000030517578,90.0999984741211,3893526
2026-03-02,81.41999816894531,87.12000274658203,81.22000122070312,86.23999786376953,5374270
